DEBUG - 2025-06-04 00:02:03 --> Session: Class initialized using 'CodeIgniter\Session\Handlers\FileHandler' driver.
DEBUG - 2025-06-04 01:02:54 --> Session: Class initialized using 'CodeIgniter\Session\Handlers\FileHandler' driver.
DEBUG - 2025-06-04 01:28:03 --> Session: Class initialized using 'CodeIgniter\Session\Handlers\FileHandler' driver.
DEBUG - 2025-06-04 03:53:12 --> Session: Class initialized using 'CodeIgniter\Session\Handlers\FileHandler' driver.
DEBUG - 2025-06-04 04:51:49 --> Session: Class initialized using 'CodeIgniter\Session\Handlers\FileHandler' driver.
DEBUG - 2025-06-04 04:51:49 --> Session: Class initialized using 'CodeIgniter\Session\Handlers\FileHandler' driver.
DEBUG - 2025-06-04 04:51:49 --> Session: Class initialized using 'CodeIgniter\Session\Handlers\FileHandler' driver.
DEBUG - 2025-06-04 04:51:49 --> Session: Class initialized using 'CodeIgniter\Session\Handlers\FileHandler' driver.
DEBUG - 2025-06-04 04:52:17 --> Session: Class initialized using 'CodeIgniter\Session\Handlers\FileHandler' driver.
DEBUG - 2025-06-04 05:49:43 --> Session: Class initialized using 'CodeIgniter\Session\Handlers\FileHandler' driver.
DEBUG - 2025-06-04 05:57:08 --> Session: Class initialized using 'CodeIgniter\Session\Handlers\FileHandler' driver.
DEBUG - 2025-06-04 06:12:47 --> Session: Class initialized using 'CodeIgniter\Session\Handlers\FileHandler' driver.
DEBUG - 2025-06-04 07:04:57 --> Session: Class initialized using 'CodeIgniter\Session\Handlers\FileHandler' driver.
DEBUG - 2025-06-04 08:34:17 --> Session: Class initialized using 'CodeIgniter\Session\Handlers\FileHandler' driver.
DEBUG - 2025-06-04 09:25:53 --> Session: Class initialized using 'CodeIgniter\Session\Handlers\FileHandler' driver.
DEBUG - 2025-06-04 09:25:53 --> Session: Class initialized using 'CodeIgniter\Session\Handlers\FileHandler' driver.
DEBUG - 2025-06-04 09:26:38 --> Session: Class initialized using 'CodeIgniter\Session\Handlers\FileHandler' driver.
DEBUG - 2025-06-04 09:51:07 --> Session: Class initialized using 'CodeIgniter\Session\Handlers\FileHandler' driver.
DEBUG - 2025-06-04 09:51:35 --> Session: Class initialized using 'CodeIgniter\Session\Handlers\FileHandler' driver.
DEBUG - 2025-06-04 09:51:36 --> Session: Class initialized using 'CodeIgniter\Session\Handlers\FileHandler' driver.
DEBUG - 2025-06-04 09:51:36 --> Session: Class initialized using 'CodeIgniter\Session\Handlers\FileHandler' driver.
DEBUG - 2025-06-04 09:51:37 --> Session: Class initialized using 'CodeIgniter\Session\Handlers\FileHandler' driver.
DEBUG - 2025-06-04 09:51:38 --> Session: Class initialized using 'CodeIgniter\Session\Handlers\FileHandler' driver.
DEBUG - 2025-06-04 09:51:38 --> Session: Class initialized using 'CodeIgniter\Session\Handlers\FileHandler' driver.
DEBUG - 2025-06-04 09:51:39 --> Session: Class initialized using 'CodeIgniter\Session\Handlers\FileHandler' driver.
DEBUG - 2025-06-04 09:51:40 --> Session: Class initialized using 'CodeIgniter\Session\Handlers\FileHandler' driver.
DEBUG - 2025-06-04 09:51:41 --> Session: Class initialized using 'CodeIgniter\Session\Handlers\FileHandler' driver.
DEBUG - 2025-06-04 09:51:41 --> Session: Class initialized using 'CodeIgniter\Session\Handlers\FileHandler' driver.
DEBUG - 2025-06-04 09:51:48 --> Session: Class initialized using 'CodeIgniter\Session\Handlers\FileHandler' driver.
DEBUG - 2025-06-04 09:51:49 --> Session: Class initialized using 'CodeIgniter\Session\Handlers\FileHandler' driver.
DEBUG - 2025-06-04 09:53:12 --> Session: Class initialized using 'CodeIgniter\Session\Handlers\FileHandler' driver.
DEBUG - 2025-06-04 09:55:56 --> Session: Class initialized using 'CodeIgniter\Session\Handlers\FileHandler' driver.
DEBUG - 2025-06-04 09:55:56 --> Session: Class initialized using 'CodeIgniter\Session\Handlers\FileHandler' driver.
DEBUG - 2025-06-04 09:56:02 --> Session: Class initialized using 'CodeIgniter\Session\Handlers\FileHandler' driver.
DEBUG - 2025-06-04 09:56:02 --> Session: Class initialized using 'CodeIgniter\Session\Handlers\FileHandler' driver.
DEBUG - 2025-06-04 09:56:04 --> Session: Class initialized using 'CodeIgniter\Session\Handlers\FileHandler' driver.
DEBUG - 2025-06-04 09:56:05 --> Session: Class initialized using 'CodeIgniter\Session\Handlers\FileHandler' driver.
CRITICAL - 2025-06-04 09:59:30 --> CodeIgniter\HTTP\Exceptions\BadRequestException: The URI you submitted has disallowed characters: "*.launch"
[Method: GET, Route: ros/launch/%2A.launch]
in SYSTEMPATH/Router/Router.php on line 739.
 1 SYSTEMPATH/Router/Router.php(207): CodeIgniter\Router\Router->checkDisallowedChars()
 2 SYSTEMPATH/CodeIgniter.php(832): CodeIgniter\Router\Router->handle()
 3 SYSTEMPATH/CodeIgniter.php(455): CodeIgniter\CodeIgniter->tryToRouteIt()
 4 SYSTEMPATH/CodeIgniter.php(354): CodeIgniter\CodeIgniter->handleRequest()
 5 SYSTEMPATH/Boot.php(334): CodeIgniter\CodeIgniter->run()
 6 SYSTEMPATH/Boot.php(67): CodeIgniter\Boot::runCodeIgniter()
 7 FCPATH/index.php(56): CodeIgniter\Boot::bootWeb()
DEBUG - 2025-06-04 10:00:49 --> Session: Class initialized using 'CodeIgniter\Session\Handlers\FileHandler' driver.
DEBUG - 2025-06-04 10:00:49 --> Session: Class initialized using 'CodeIgniter\Session\Handlers\FileHandler' driver.
DEBUG - 2025-06-04 10:00:50 --> Session: Class initialized using 'CodeIgniter\Session\Handlers\FileHandler' driver.
DEBUG - 2025-06-04 10:00:50 --> Session: Class initialized using 'CodeIgniter\Session\Handlers\FileHandler' driver.
DEBUG - 2025-06-04 10:02:54 --> Session: Class initialized using 'CodeIgniter\Session\Handlers\FileHandler' driver.
DEBUG - 2025-06-04 10:03:07 --> Session: Class initialized using 'CodeIgniter\Session\Handlers\FileHandler' driver.
DEBUG - 2025-06-04 10:06:23 --> Session: Class initialized using 'CodeIgniter\Session\Handlers\FileHandler' driver.
DEBUG - 2025-06-04 10:06:39 --> Session: Class initialized using 'CodeIgniter\Session\Handlers\FileHandler' driver.
DEBUG - 2025-06-04 10:06:39 --> Session: Class initialized using 'CodeIgniter\Session\Handlers\FileHandler' driver.
DEBUG - 2025-06-04 10:06:40 --> Session: Class initialized using 'CodeIgniter\Session\Handlers\FileHandler' driver.
DEBUG - 2025-06-04 10:06:41 --> Session: Class initialized using 'CodeIgniter\Session\Handlers\FileHandler' driver.
DEBUG - 2025-06-04 10:06:42 --> Session: Class initialized using 'CodeIgniter\Session\Handlers\FileHandler' driver.
DEBUG - 2025-06-04 10:06:42 --> Session: Class initialized using 'CodeIgniter\Session\Handlers\FileHandler' driver.
DEBUG - 2025-06-04 10:06:43 --> Session: Class initialized using 'CodeIgniter\Session\Handlers\FileHandler' driver.
DEBUG - 2025-06-04 10:06:44 --> Session: Class initialized using 'CodeIgniter\Session\Handlers\FileHandler' driver.
DEBUG - 2025-06-04 10:06:45 --> Session: Class initialized using 'CodeIgniter\Session\Handlers\FileHandler' driver.
DEBUG - 2025-06-04 10:06:46 --> Session: Class initialized using 'CodeIgniter\Session\Handlers\FileHandler' driver.
DEBUG - 2025-06-04 10:06:46 --> Session: Class initialized using 'CodeIgniter\Session\Handlers\FileHandler' driver.
DEBUG - 2025-06-04 10:06:47 --> Session: Class initialized using 'CodeIgniter\Session\Handlers\FileHandler' driver.
DEBUG - 2025-06-04 10:06:48 --> Session: Class initialized using 'CodeIgniter\Session\Handlers\FileHandler' driver.
DEBUG - 2025-06-04 10:06:49 --> Session: Class initialized using 'CodeIgniter\Session\Handlers\FileHandler' driver.
DEBUG - 2025-06-04 10:06:49 --> Session: Class initialized using 'CodeIgniter\Session\Handlers\FileHandler' driver.
DEBUG - 2025-06-04 10:07:11 --> Session: Class initialized using 'CodeIgniter\Session\Handlers\FileHandler' driver.
DEBUG - 2025-06-04 10:07:12 --> Session: Class initialized using 'CodeIgniter\Session\Handlers\FileHandler' driver.
DEBUG - 2025-06-04 10:07:15 --> Session: Class initialized using 'CodeIgniter\Session\Handlers\FileHandler' driver.
DEBUG - 2025-06-04 10:07:16 --> Session: Class initialized using 'CodeIgniter\Session\Handlers\FileHandler' driver.
DEBUG - 2025-06-04 10:09:26 --> Session: Class initialized using 'CodeIgniter\Session\Handlers\FileHandler' driver.
DEBUG - 2025-06-04 10:09:26 --> Session: Class initialized using 'CodeIgniter\Session\Handlers\FileHandler' driver.
CRITICAL - 2025-06-04 10:09:27 --> CodeIgniter\HTTP\Exceptions\BadRequestException: The URI you submitted has disallowed characters: "access-level=guest"
[Method: GET, Route: panel/access-level=guest]
in SYSTEMPATH/Router/Router.php on line 739.
 1 SYSTEMPATH/Router/Router.php(207): CodeIgniter\Router\Router->checkDisallowedChars()
 2 SYSTEMPATH/CodeIgniter.php(832): CodeIgniter\Router\Router->handle()
 3 SYSTEMPATH/CodeIgniter.php(455): CodeIgniter\CodeIgniter->tryToRouteIt()
 4 SYSTEMPATH/CodeIgniter.php(354): CodeIgniter\CodeIgniter->handleRequest()
 5 SYSTEMPATH/Boot.php(334): CodeIgniter\CodeIgniter->run()
 6 SYSTEMPATH/Boot.php(67): CodeIgniter\Boot::runCodeIgniter()
 7 FCPATH/index.php(56): CodeIgniter\Boot::bootWeb()
DEBUG - 2025-06-04 10:14:47 --> Session: Class initialized using 'CodeIgniter\Session\Handlers\FileHandler' driver.
DEBUG - 2025-06-04 10:15:15 --> Session: Class initialized using 'CodeIgniter\Session\Handlers\FileHandler' driver.
DEBUG - 2025-06-04 10:16:03 --> Session: Class initialized using 'CodeIgniter\Session\Handlers\FileHandler' driver.
DEBUG - 2025-06-04 10:16:04 --> Session: Class initialized using 'CodeIgniter\Session\Handlers\FileHandler' driver.
DEBUG - 2025-06-04 10:16:04 --> Session: Class initialized using 'CodeIgniter\Session\Handlers\FileHandler' driver.
DEBUG - 2025-06-04 10:16:05 --> Session: Class initialized using 'CodeIgniter\Session\Handlers\FileHandler' driver.
DEBUG - 2025-06-04 10:16:06 --> Session: Class initialized using 'CodeIgniter\Session\Handlers\FileHandler' driver.
DEBUG - 2025-06-04 10:16:07 --> Session: Class initialized using 'CodeIgniter\Session\Handlers\FileHandler' driver.
DEBUG - 2025-06-04 10:16:07 --> Session: Class initialized using 'CodeIgniter\Session\Handlers\FileHandler' driver.
DEBUG - 2025-06-04 10:16:08 --> Session: Class initialized using 'CodeIgniter\Session\Handlers\FileHandler' driver.
DEBUG - 2025-06-04 10:16:09 --> Session: Class initialized using 'CodeIgniter\Session\Handlers\FileHandler' driver.
DEBUG - 2025-06-04 10:16:09 --> Session: Class initialized using 'CodeIgniter\Session\Handlers\FileHandler' driver.
DEBUG - 2025-06-04 10:16:10 --> Session: Class initialized using 'CodeIgniter\Session\Handlers\FileHandler' driver.
DEBUG - 2025-06-04 10:16:11 --> Session: Class initialized using 'CodeIgniter\Session\Handlers\FileHandler' driver.
DEBUG - 2025-06-04 10:16:11 --> Session: Class initialized using 'CodeIgniter\Session\Handlers\FileHandler' driver.
DEBUG - 2025-06-04 10:16:12 --> Session: Class initialized using 'CodeIgniter\Session\Handlers\FileHandler' driver.
DEBUG - 2025-06-04 10:16:13 --> Session: Class initialized using 'CodeIgniter\Session\Handlers\FileHandler' driver.
DEBUG - 2025-06-04 10:16:14 --> Session: Class initialized using 'CodeIgniter\Session\Handlers\FileHandler' driver.
DEBUG - 2025-06-04 10:16:14 --> Session: Class initialized using 'CodeIgniter\Session\Handlers\FileHandler' driver.
DEBUG - 2025-06-04 10:16:15 --> Session: Class initialized using 'CodeIgniter\Session\Handlers\FileHandler' driver.
DEBUG - 2025-06-04 10:16:16 --> Session: Class initialized using 'CodeIgniter\Session\Handlers\FileHandler' driver.
DEBUG - 2025-06-04 10:16:17 --> Session: Class initialized using 'CodeIgniter\Session\Handlers\FileHandler' driver.
DEBUG - 2025-06-04 10:16:18 --> Session: Class initialized using 'CodeIgniter\Session\Handlers\FileHandler' driver.
DEBUG - 2025-06-04 10:16:19 --> Session: Class initialized using 'CodeIgniter\Session\Handlers\FileHandler' driver.
DEBUG - 2025-06-04 10:16:19 --> Session: Class initialized using 'CodeIgniter\Session\Handlers\FileHandler' driver.
DEBUG - 2025-06-04 10:16:20 --> Session: Class initialized using 'CodeIgniter\Session\Handlers\FileHandler' driver.
DEBUG - 2025-06-04 10:16:21 --> Session: Class initialized using 'CodeIgniter\Session\Handlers\FileHandler' driver.
DEBUG - 2025-06-04 10:16:22 --> Session: Class initialized using 'CodeIgniter\Session\Handlers\FileHandler' driver.
DEBUG - 2025-06-04 10:16:22 --> Session: Class initialized using 'CodeIgniter\Session\Handlers\FileHandler' driver.
DEBUG - 2025-06-04 10:16:23 --> Session: Class initialized using 'CodeIgniter\Session\Handlers\FileHandler' driver.
DEBUG - 2025-06-04 10:16:24 --> Session: Class initialized using 'CodeIgniter\Session\Handlers\FileHandler' driver.
DEBUG - 2025-06-04 10:16:25 --> Session: Class initialized using 'CodeIgniter\Session\Handlers\FileHandler' driver.
DEBUG - 2025-06-04 10:16:25 --> Session: Class initialized using 'CodeIgniter\Session\Handlers\FileHandler' driver.
DEBUG - 2025-06-04 10:16:26 --> Session: Class initialized using 'CodeIgniter\Session\Handlers\FileHandler' driver.
DEBUG - 2025-06-04 10:16:27 --> Session: Class initialized using 'CodeIgniter\Session\Handlers\FileHandler' driver.
DEBUG - 2025-06-04 10:16:28 --> Session: Class initialized using 'CodeIgniter\Session\Handlers\FileHandler' driver.
DEBUG - 2025-06-04 10:16:28 --> Session: Class initialized using 'CodeIgniter\Session\Handlers\FileHandler' driver.
DEBUG - 2025-06-04 10:16:29 --> Session: Class initialized using 'CodeIgniter\Session\Handlers\FileHandler' driver.
DEBUG - 2025-06-04 10:16:30 --> Session: Class initialized using 'CodeIgniter\Session\Handlers\FileHandler' driver.
DEBUG - 2025-06-04 10:16:31 --> Session: Class initialized using 'CodeIgniter\Session\Handlers\FileHandler' driver.
DEBUG - 2025-06-04 10:16:32 --> Session: Class initialized using 'CodeIgniter\Session\Handlers\FileHandler' driver.
DEBUG - 2025-06-04 10:16:33 --> Session: Class initialized using 'CodeIgniter\Session\Handlers\FileHandler' driver.
DEBUG - 2025-06-04 10:16:33 --> Session: Class initialized using 'CodeIgniter\Session\Handlers\FileHandler' driver.
DEBUG - 2025-06-04 10:16:34 --> Session: Class initialized using 'CodeIgniter\Session\Handlers\FileHandler' driver.
DEBUG - 2025-06-04 10:16:35 --> Session: Class initialized using 'CodeIgniter\Session\Handlers\FileHandler' driver.
DEBUG - 2025-06-04 10:16:35 --> Session: Class initialized using 'CodeIgniter\Session\Handlers\FileHandler' driver.
DEBUG - 2025-06-04 10:16:36 --> Session: Class initialized using 'CodeIgniter\Session\Handlers\FileHandler' driver.
DEBUG - 2025-06-04 10:16:37 --> Session: Class initialized using 'CodeIgniter\Session\Handlers\FileHandler' driver.
DEBUG - 2025-06-04 10:16:38 --> Session: Class initialized using 'CodeIgniter\Session\Handlers\FileHandler' driver.
DEBUG - 2025-06-04 10:16:38 --> Session: Class initialized using 'CodeIgniter\Session\Handlers\FileHandler' driver.
DEBUG - 2025-06-04 10:16:39 --> Session: Class initialized using 'CodeIgniter\Session\Handlers\FileHandler' driver.
DEBUG - 2025-06-04 10:16:40 --> Session: Class initialized using 'CodeIgniter\Session\Handlers\FileHandler' driver.
DEBUG - 2025-06-04 10:16:41 --> Session: Class initialized using 'CodeIgniter\Session\Handlers\FileHandler' driver.
DEBUG - 2025-06-04 10:16:42 --> Session: Class initialized using 'CodeIgniter\Session\Handlers\FileHandler' driver.
DEBUG - 2025-06-04 10:16:43 --> Session: Class initialized using 'CodeIgniter\Session\Handlers\FileHandler' driver.
DEBUG - 2025-06-04 10:16:43 --> Session: Class initialized using 'CodeIgniter\Session\Handlers\FileHandler' driver.
DEBUG - 2025-06-04 10:16:44 --> Session: Class initialized using 'CodeIgniter\Session\Handlers\FileHandler' driver.
DEBUG - 2025-06-04 10:16:45 --> Session: Class initialized using 'CodeIgniter\Session\Handlers\FileHandler' driver.
DEBUG - 2025-06-04 10:16:46 --> Session: Class initialized using 'CodeIgniter\Session\Handlers\FileHandler' driver.
DEBUG - 2025-06-04 10:16:46 --> Session: Class initialized using 'CodeIgniter\Session\Handlers\FileHandler' driver.
DEBUG - 2025-06-04 10:16:47 --> Session: Class initialized using 'CodeIgniter\Session\Handlers\FileHandler' driver.
DEBUG - 2025-06-04 10:16:48 --> Session: Class initialized using 'CodeIgniter\Session\Handlers\FileHandler' driver.
DEBUG - 2025-06-04 10:16:49 --> Session: Class initialized using 'CodeIgniter\Session\Handlers\FileHandler' driver.
DEBUG - 2025-06-04 10:16:49 --> Session: Class initialized using 'CodeIgniter\Session\Handlers\FileHandler' driver.
DEBUG - 2025-06-04 10:16:50 --> Session: Class initialized using 'CodeIgniter\Session\Handlers\FileHandler' driver.
DEBUG - 2025-06-04 10:16:51 --> Session: Class initialized using 'CodeIgniter\Session\Handlers\FileHandler' driver.
DEBUG - 2025-06-04 10:16:52 --> Session: Class initialized using 'CodeIgniter\Session\Handlers\FileHandler' driver.
DEBUG - 2025-06-04 10:16:52 --> Session: Class initialized using 'CodeIgniter\Session\Handlers\FileHandler' driver.
DEBUG - 2025-06-04 10:16:53 --> Session: Class initialized using 'CodeIgniter\Session\Handlers\FileHandler' driver.
DEBUG - 2025-06-04 10:16:54 --> Session: Class initialized using 'CodeIgniter\Session\Handlers\FileHandler' driver.
DEBUG - 2025-06-04 10:16:55 --> Session: Class initialized using 'CodeIgniter\Session\Handlers\FileHandler' driver.
DEBUG - 2025-06-04 10:16:55 --> Session: Class initialized using 'CodeIgniter\Session\Handlers\FileHandler' driver.
DEBUG - 2025-06-04 10:16:56 --> Session: Class initialized using 'CodeIgniter\Session\Handlers\FileHandler' driver.
DEBUG - 2025-06-04 10:16:57 --> Session: Class initialized using 'CodeIgniter\Session\Handlers\FileHandler' driver.
DEBUG - 2025-06-04 10:16:58 --> Session: Class initialized using 'CodeIgniter\Session\Handlers\FileHandler' driver.
DEBUG - 2025-06-04 10:16:59 --> Session: Class initialized using 'CodeIgniter\Session\Handlers\FileHandler' driver.
DEBUG - 2025-06-04 10:16:59 --> Session: Class initialized using 'CodeIgniter\Session\Handlers\FileHandler' driver.
DEBUG - 2025-06-04 10:17:00 --> Session: Class initialized using 'CodeIgniter\Session\Handlers\FileHandler' driver.
DEBUG - 2025-06-04 10:17:01 --> Session: Class initialized using 'CodeIgniter\Session\Handlers\FileHandler' driver.
DEBUG - 2025-06-04 10:17:01 --> Session: Class initialized using 'CodeIgniter\Session\Handlers\FileHandler' driver.
DEBUG - 2025-06-04 10:17:02 --> Session: Class initialized using 'CodeIgniter\Session\Handlers\FileHandler' driver.
DEBUG - 2025-06-04 10:17:03 --> Session: Class initialized using 'CodeIgniter\Session\Handlers\FileHandler' driver.
DEBUG - 2025-06-04 10:17:04 --> Session: Class initialized using 'CodeIgniter\Session\Handlers\FileHandler' driver.
DEBUG - 2025-06-04 10:17:04 --> Session: Class initialized using 'CodeIgniter\Session\Handlers\FileHandler' driver.
DEBUG - 2025-06-04 10:17:05 --> Session: Class initialized using 'CodeIgniter\Session\Handlers\FileHandler' driver.
DEBUG - 2025-06-04 10:17:06 --> Session: Class initialized using 'CodeIgniter\Session\Handlers\FileHandler' driver.
DEBUG - 2025-06-04 10:17:07 --> Session: Class initialized using 'CodeIgniter\Session\Handlers\FileHandler' driver.
DEBUG - 2025-06-04 10:17:07 --> Session: Class initialized using 'CodeIgniter\Session\Handlers\FileHandler' driver.
DEBUG - 2025-06-04 10:17:08 --> Session: Class initialized using 'CodeIgniter\Session\Handlers\FileHandler' driver.
DEBUG - 2025-06-04 10:17:09 --> Session: Class initialized using 'CodeIgniter\Session\Handlers\FileHandler' driver.
DEBUG - 2025-06-04 10:17:10 --> Session: Class initialized using 'CodeIgniter\Session\Handlers\FileHandler' driver.
DEBUG - 2025-06-04 10:17:10 --> Session: Class initialized using 'CodeIgniter\Session\Handlers\FileHandler' driver.
DEBUG - 2025-06-04 10:17:11 --> Session: Class initialized using 'CodeIgniter\Session\Handlers\FileHandler' driver.
DEBUG - 2025-06-04 10:17:12 --> Session: Class initialized using 'CodeIgniter\Session\Handlers\FileHandler' driver.
DEBUG - 2025-06-04 10:17:13 --> Session: Class initialized using 'CodeIgniter\Session\Handlers\FileHandler' driver.
DEBUG - 2025-06-04 10:17:13 --> Session: Class initialized using 'CodeIgniter\Session\Handlers\FileHandler' driver.
DEBUG - 2025-06-04 10:17:14 --> Session: Class initialized using 'CodeIgniter\Session\Handlers\FileHandler' driver.
DEBUG - 2025-06-04 10:17:15 --> Session: Class initialized using 'CodeIgniter\Session\Handlers\FileHandler' driver.
DEBUG - 2025-06-04 10:17:15 --> Session: Class initialized using 'CodeIgniter\Session\Handlers\FileHandler' driver.
DEBUG - 2025-06-04 10:17:16 --> Session: Class initialized using 'CodeIgniter\Session\Handlers\FileHandler' driver.
DEBUG - 2025-06-04 10:17:17 --> Session: Class initialized using 'CodeIgniter\Session\Handlers\FileHandler' driver.
DEBUG - 2025-06-04 10:17:18 --> Session: Class initialized using 'CodeIgniter\Session\Handlers\FileHandler' driver.
DEBUG - 2025-06-04 10:17:19 --> Session: Class initialized using 'CodeIgniter\Session\Handlers\FileHandler' driver.
DEBUG - 2025-06-04 10:17:19 --> Session: Class initialized using 'CodeIgniter\Session\Handlers\FileHandler' driver.
DEBUG - 2025-06-04 10:17:20 --> Session: Class initialized using 'CodeIgniter\Session\Handlers\FileHandler' driver.
DEBUG - 2025-06-04 10:17:21 --> Session: Class initialized using 'CodeIgniter\Session\Handlers\FileHandler' driver.
DEBUG - 2025-06-04 10:17:22 --> Session: Class initialized using 'CodeIgniter\Session\Handlers\FileHandler' driver.
DEBUG - 2025-06-04 10:17:22 --> Session: Class initialized using 'CodeIgniter\Session\Handlers\FileHandler' driver.
DEBUG - 2025-06-04 10:17:23 --> Session: Class initialized using 'CodeIgniter\Session\Handlers\FileHandler' driver.
DEBUG - 2025-06-04 10:17:24 --> Session: Class initialized using 'CodeIgniter\Session\Handlers\FileHandler' driver.
DEBUG - 2025-06-04 10:17:24 --> Session: Class initialized using 'CodeIgniter\Session\Handlers\FileHandler' driver.
DEBUG - 2025-06-04 10:17:25 --> Session: Class initialized using 'CodeIgniter\Session\Handlers\FileHandler' driver.
DEBUG - 2025-06-04 10:17:26 --> Session: Class initialized using 'CodeIgniter\Session\Handlers\FileHandler' driver.
DEBUG - 2025-06-04 10:17:26 --> Session: Class initialized using 'CodeIgniter\Session\Handlers\FileHandler' driver.
DEBUG - 2025-06-04 10:17:28 --> Session: Class initialized using 'CodeIgniter\Session\Handlers\FileHandler' driver.
DEBUG - 2025-06-04 10:17:29 --> Session: Class initialized using 'CodeIgniter\Session\Handlers\FileHandler' driver.
DEBUG - 2025-06-04 10:17:30 --> Session: Class initialized using 'CodeIgniter\Session\Handlers\FileHandler' driver.
DEBUG - 2025-06-04 10:17:31 --> Session: Class initialized using 'CodeIgniter\Session\Handlers\FileHandler' driver.
DEBUG - 2025-06-04 10:17:31 --> Session: Class initialized using 'CodeIgniter\Session\Handlers\FileHandler' driver.
DEBUG - 2025-06-04 10:17:32 --> Session: Class initialized using 'CodeIgniter\Session\Handlers\FileHandler' driver.
DEBUG - 2025-06-04 10:17:33 --> Session: Class initialized using 'CodeIgniter\Session\Handlers\FileHandler' driver.
DEBUG - 2025-06-04 10:17:34 --> Session: Class initialized using 'CodeIgniter\Session\Handlers\FileHandler' driver.
DEBUG - 2025-06-04 10:17:35 --> Session: Class initialized using 'CodeIgniter\Session\Handlers\FileHandler' driver.
DEBUG - 2025-06-04 10:17:36 --> Session: Class initialized using 'CodeIgniter\Session\Handlers\FileHandler' driver.
DEBUG - 2025-06-04 10:17:36 --> Session: Class initialized using 'CodeIgniter\Session\Handlers\FileHandler' driver.
DEBUG - 2025-06-04 10:17:37 --> Session: Class initialized using 'CodeIgniter\Session\Handlers\FileHandler' driver.
DEBUG - 2025-06-04 10:17:38 --> Session: Class initialized using 'CodeIgniter\Session\Handlers\FileHandler' driver.
DEBUG - 2025-06-04 10:17:39 --> Session: Class initialized using 'CodeIgniter\Session\Handlers\FileHandler' driver.
DEBUG - 2025-06-04 10:17:40 --> Session: Class initialized using 'CodeIgniter\Session\Handlers\FileHandler' driver.
DEBUG - 2025-06-04 10:17:41 --> Session: Class initialized using 'CodeIgniter\Session\Handlers\FileHandler' driver.
DEBUG - 2025-06-04 10:17:41 --> Session: Class initialized using 'CodeIgniter\Session\Handlers\FileHandler' driver.
DEBUG - 2025-06-04 10:17:42 --> Session: Class initialized using 'CodeIgniter\Session\Handlers\FileHandler' driver.
DEBUG - 2025-06-04 10:17:43 --> Session: Class initialized using 'CodeIgniter\Session\Handlers\FileHandler' driver.
DEBUG - 2025-06-04 10:17:44 --> Session: Class initialized using 'CodeIgniter\Session\Handlers\FileHandler' driver.
DEBUG - 2025-06-04 10:17:45 --> Session: Class initialized using 'CodeIgniter\Session\Handlers\FileHandler' driver.
DEBUG - 2025-06-04 10:17:46 --> Session: Class initialized using 'CodeIgniter\Session\Handlers\FileHandler' driver.
DEBUG - 2025-06-04 10:17:46 --> Session: Class initialized using 'CodeIgniter\Session\Handlers\FileHandler' driver.
DEBUG - 2025-06-04 10:17:47 --> Session: Class initialized using 'CodeIgniter\Session\Handlers\FileHandler' driver.
DEBUG - 2025-06-04 10:17:48 --> Session: Class initialized using 'CodeIgniter\Session\Handlers\FileHandler' driver.
DEBUG - 2025-06-04 10:17:49 --> Session: Class initialized using 'CodeIgniter\Session\Handlers\FileHandler' driver.
DEBUG - 2025-06-04 10:17:50 --> Session: Class initialized using 'CodeIgniter\Session\Handlers\FileHandler' driver.
DEBUG - 2025-06-04 10:17:51 --> Session: Class initialized using 'CodeIgniter\Session\Handlers\FileHandler' driver.
DEBUG - 2025-06-04 10:17:51 --> Session: Class initialized using 'CodeIgniter\Session\Handlers\FileHandler' driver.
DEBUG - 2025-06-04 10:17:52 --> Session: Class initialized using 'CodeIgniter\Session\Handlers\FileHandler' driver.
DEBUG - 2025-06-04 10:17:53 --> Session: Class initialized using 'CodeIgniter\Session\Handlers\FileHandler' driver.
DEBUG - 2025-06-04 10:17:54 --> Session: Class initialized using 'CodeIgniter\Session\Handlers\FileHandler' driver.
DEBUG - 2025-06-04 10:17:54 --> Session: Class initialized using 'CodeIgniter\Session\Handlers\FileHandler' driver.
DEBUG - 2025-06-04 10:17:55 --> Session: Class initialized using 'CodeIgniter\Session\Handlers\FileHandler' driver.
DEBUG - 2025-06-04 10:17:56 --> Session: Class initialized using 'CodeIgniter\Session\Handlers\FileHandler' driver.
DEBUG - 2025-06-04 10:17:57 --> Session: Class initialized using 'CodeIgniter\Session\Handlers\FileHandler' driver.
DEBUG - 2025-06-04 10:17:58 --> Session: Class initialized using 'CodeIgniter\Session\Handlers\FileHandler' driver.
DEBUG - 2025-06-04 10:17:59 --> Session: Class initialized using 'CodeIgniter\Session\Handlers\FileHandler' driver.
DEBUG - 2025-06-04 10:17:59 --> Session: Class initialized using 'CodeIgniter\Session\Handlers\FileHandler' driver.
DEBUG - 2025-06-04 10:18:00 --> Session: Class initialized using 'CodeIgniter\Session\Handlers\FileHandler' driver.
DEBUG - 2025-06-04 10:18:01 --> Session: Class initialized using 'CodeIgniter\Session\Handlers\FileHandler' driver.
DEBUG - 2025-06-04 10:18:02 --> Session: Class initialized using 'CodeIgniter\Session\Handlers\FileHandler' driver.
DEBUG - 2025-06-04 10:18:03 --> Session: Class initialized using 'CodeIgniter\Session\Handlers\FileHandler' driver.
DEBUG - 2025-06-04 10:18:04 --> Session: Class initialized using 'CodeIgniter\Session\Handlers\FileHandler' driver.
DEBUG - 2025-06-04 10:18:05 --> Session: Class initialized using 'CodeIgniter\Session\Handlers\FileHandler' driver.
DEBUG - 2025-06-04 10:18:05 --> Session: Class initialized using 'CodeIgniter\Session\Handlers\FileHandler' driver.
DEBUG - 2025-06-04 10:18:06 --> Session: Class initialized using 'CodeIgniter\Session\Handlers\FileHandler' driver.
DEBUG - 2025-06-04 10:18:07 --> Session: Class initialized using 'CodeIgniter\Session\Handlers\FileHandler' driver.
DEBUG - 2025-06-04 10:18:08 --> Session: Class initialized using 'CodeIgniter\Session\Handlers\FileHandler' driver.
DEBUG - 2025-06-04 10:18:09 --> Session: Class initialized using 'CodeIgniter\Session\Handlers\FileHandler' driver.
DEBUG - 2025-06-04 10:18:09 --> Session: Class initialized using 'CodeIgniter\Session\Handlers\FileHandler' driver.
DEBUG - 2025-06-04 10:18:10 --> Session: Class initialized using 'CodeIgniter\Session\Handlers\FileHandler' driver.
DEBUG - 2025-06-04 10:18:11 --> Session: Class initialized using 'CodeIgniter\Session\Handlers\FileHandler' driver.
DEBUG - 2025-06-04 10:18:12 --> Session: Class initialized using 'CodeIgniter\Session\Handlers\FileHandler' driver.
DEBUG - 2025-06-04 10:18:13 --> Session: Class initialized using 'CodeIgniter\Session\Handlers\FileHandler' driver.
DEBUG - 2025-06-04 10:18:13 --> Session: Class initialized using 'CodeIgniter\Session\Handlers\FileHandler' driver.
DEBUG - 2025-06-04 10:18:14 --> Session: Class initialized using 'CodeIgniter\Session\Handlers\FileHandler' driver.
DEBUG - 2025-06-04 10:18:15 --> Session: Class initialized using 'CodeIgniter\Session\Handlers\FileHandler' driver.
DEBUG - 2025-06-04 10:18:16 --> Session: Class initialized using 'CodeIgniter\Session\Handlers\FileHandler' driver.
DEBUG - 2025-06-04 10:18:17 --> Session: Class initialized using 'CodeIgniter\Session\Handlers\FileHandler' driver.
DEBUG - 2025-06-04 10:18:17 --> Session: Class initialized using 'CodeIgniter\Session\Handlers\FileHandler' driver.
DEBUG - 2025-06-04 10:18:18 --> Session: Class initialized using 'CodeIgniter\Session\Handlers\FileHandler' driver.
DEBUG - 2025-06-04 10:18:19 --> Session: Class initialized using 'CodeIgniter\Session\Handlers\FileHandler' driver.
DEBUG - 2025-06-04 10:18:20 --> Session: Class initialized using 'CodeIgniter\Session\Handlers\FileHandler' driver.
DEBUG - 2025-06-04 10:18:21 --> Session: Class initialized using 'CodeIgniter\Session\Handlers\FileHandler' driver.
DEBUG - 2025-06-04 10:18:21 --> Session: Class initialized using 'CodeIgniter\Session\Handlers\FileHandler' driver.
DEBUG - 2025-06-04 10:18:22 --> Session: Class initialized using 'CodeIgniter\Session\Handlers\FileHandler' driver.
DEBUG - 2025-06-04 10:18:23 --> Session: Class initialized using 'CodeIgniter\Session\Handlers\FileHandler' driver.
DEBUG - 2025-06-04 10:18:24 --> Session: Class initialized using 'CodeIgniter\Session\Handlers\FileHandler' driver.
DEBUG - 2025-06-04 10:18:24 --> Session: Class initialized using 'CodeIgniter\Session\Handlers\FileHandler' driver.
DEBUG - 2025-06-04 10:18:25 --> Session: Class initialized using 'CodeIgniter\Session\Handlers\FileHandler' driver.
DEBUG - 2025-06-04 10:18:26 --> Session: Class initialized using 'CodeIgniter\Session\Handlers\FileHandler' driver.
DEBUG - 2025-06-04 10:18:27 --> Session: Class initialized using 'CodeIgniter\Session\Handlers\FileHandler' driver.
DEBUG - 2025-06-04 10:18:28 --> Session: Class initialized using 'CodeIgniter\Session\Handlers\FileHandler' driver.
DEBUG - 2025-06-04 10:18:29 --> Session: Class initialized using 'CodeIgniter\Session\Handlers\FileHandler' driver.
DEBUG - 2025-06-04 10:18:30 --> Session: Class initialized using 'CodeIgniter\Session\Handlers\FileHandler' driver.
DEBUG - 2025-06-04 10:18:30 --> Session: Class initialized using 'CodeIgniter\Session\Handlers\FileHandler' driver.
DEBUG - 2025-06-04 10:18:31 --> Session: Class initialized using 'CodeIgniter\Session\Handlers\FileHandler' driver.
DEBUG - 2025-06-04 10:18:32 --> Session: Class initialized using 'CodeIgniter\Session\Handlers\FileHandler' driver.
DEBUG - 2025-06-04 10:18:33 --> Session: Class initialized using 'CodeIgniter\Session\Handlers\FileHandler' driver.
DEBUG - 2025-06-04 10:18:33 --> Session: Class initialized using 'CodeIgniter\Session\Handlers\FileHandler' driver.
DEBUG - 2025-06-04 10:18:34 --> Session: Class initialized using 'CodeIgniter\Session\Handlers\FileHandler' driver.
DEBUG - 2025-06-04 10:18:35 --> Session: Class initialized using 'CodeIgniter\Session\Handlers\FileHandler' driver.
DEBUG - 2025-06-04 10:18:36 --> Session: Class initialized using 'CodeIgniter\Session\Handlers\FileHandler' driver.
DEBUG - 2025-06-04 10:18:37 --> Session: Class initialized using 'CodeIgniter\Session\Handlers\FileHandler' driver.
DEBUG - 2025-06-04 10:18:37 --> Session: Class initialized using 'CodeIgniter\Session\Handlers\FileHandler' driver.
DEBUG - 2025-06-04 10:18:38 --> Session: Class initialized using 'CodeIgniter\Session\Handlers\FileHandler' driver.
DEBUG - 2025-06-04 10:18:39 --> Session: Class initialized using 'CodeIgniter\Session\Handlers\FileHandler' driver.
DEBUG - 2025-06-04 10:18:40 --> Session: Class initialized using 'CodeIgniter\Session\Handlers\FileHandler' driver.
DEBUG - 2025-06-04 10:18:41 --> Session: Class initialized using 'CodeIgniter\Session\Handlers\FileHandler' driver.
DEBUG - 2025-06-04 10:18:41 --> Session: Class initialized using 'CodeIgniter\Session\Handlers\FileHandler' driver.
DEBUG - 2025-06-04 10:18:42 --> Session: Class initialized using 'CodeIgniter\Session\Handlers\FileHandler' driver.
DEBUG - 2025-06-04 10:18:43 --> Session: Class initialized using 'CodeIgniter\Session\Handlers\FileHandler' driver.
DEBUG - 2025-06-04 10:18:44 --> Session: Class initialized using 'CodeIgniter\Session\Handlers\FileHandler' driver.
DEBUG - 2025-06-04 10:18:45 --> Session: Class initialized using 'CodeIgniter\Session\Handlers\FileHandler' driver.
DEBUG - 2025-06-04 10:18:46 --> Session: Class initialized using 'CodeIgniter\Session\Handlers\FileHandler' driver.
DEBUG - 2025-06-04 10:18:46 --> Session: Class initialized using 'CodeIgniter\Session\Handlers\FileHandler' driver.
DEBUG - 2025-06-04 10:18:47 --> Session: Class initialized using 'CodeIgniter\Session\Handlers\FileHandler' driver.
DEBUG - 2025-06-04 10:18:48 --> Session: Class initialized using 'CodeIgniter\Session\Handlers\FileHandler' driver.
DEBUG - 2025-06-04 10:18:49 --> Session: Class initialized using 'CodeIgniter\Session\Handlers\FileHandler' driver.
DEBUG - 2025-06-04 10:18:49 --> Session: Class initialized using 'CodeIgniter\Session\Handlers\FileHandler' driver.
DEBUG - 2025-06-04 10:18:50 --> Session: Class initialized using 'CodeIgniter\Session\Handlers\FileHandler' driver.
DEBUG - 2025-06-04 10:18:51 --> Session: Class initialized using 'CodeIgniter\Session\Handlers\FileHandler' driver.
DEBUG - 2025-06-04 10:18:52 --> Session: Class initialized using 'CodeIgniter\Session\Handlers\FileHandler' driver.
DEBUG - 2025-06-04 10:18:53 --> Session: Class initialized using 'CodeIgniter\Session\Handlers\FileHandler' driver.
DEBUG - 2025-06-04 10:18:54 --> Session: Class initialized using 'CodeIgniter\Session\Handlers\FileHandler' driver.
DEBUG - 2025-06-04 10:18:55 --> Session: Class initialized using 'CodeIgniter\Session\Handlers\FileHandler' driver.
DEBUG - 2025-06-04 10:18:55 --> Session: Class initialized using 'CodeIgniter\Session\Handlers\FileHandler' driver.
DEBUG - 2025-06-04 10:18:56 --> Session: Class initialized using 'CodeIgniter\Session\Handlers\FileHandler' driver.
DEBUG - 2025-06-04 10:18:57 --> Session: Class initialized using 'CodeIgniter\Session\Handlers\FileHandler' driver.
DEBUG - 2025-06-04 10:18:58 --> Session: Class initialized using 'CodeIgniter\Session\Handlers\FileHandler' driver.
DEBUG - 2025-06-04 10:18:59 --> Session: Class initialized using 'CodeIgniter\Session\Handlers\FileHandler' driver.
DEBUG - 2025-06-04 10:18:59 --> Session: Class initialized using 'CodeIgniter\Session\Handlers\FileHandler' driver.
DEBUG - 2025-06-04 10:19:00 --> Session: Class initialized using 'CodeIgniter\Session\Handlers\FileHandler' driver.
DEBUG - 2025-06-04 10:19:01 --> Session: Class initialized using 'CodeIgniter\Session\Handlers\FileHandler' driver.
DEBUG - 2025-06-04 10:19:02 --> Session: Class initialized using 'CodeIgniter\Session\Handlers\FileHandler' driver.
DEBUG - 2025-06-04 10:19:02 --> Session: Class initialized using 'CodeIgniter\Session\Handlers\FileHandler' driver.
DEBUG - 2025-06-04 10:19:03 --> Session: Class initialized using 'CodeIgniter\Session\Handlers\FileHandler' driver.
DEBUG - 2025-06-04 10:19:04 --> Session: Class initialized using 'CodeIgniter\Session\Handlers\FileHandler' driver.
DEBUG - 2025-06-04 10:19:05 --> Session: Class initialized using 'CodeIgniter\Session\Handlers\FileHandler' driver.
DEBUG - 2025-06-04 10:19:06 --> Session: Class initialized using 'CodeIgniter\Session\Handlers\FileHandler' driver.
DEBUG - 2025-06-04 10:19:06 --> Session: Class initialized using 'CodeIgniter\Session\Handlers\FileHandler' driver.
DEBUG - 2025-06-04 10:19:07 --> Session: Class initialized using 'CodeIgniter\Session\Handlers\FileHandler' driver.
DEBUG - 2025-06-04 10:19:08 --> Session: Class initialized using 'CodeIgniter\Session\Handlers\FileHandler' driver.
DEBUG - 2025-06-04 10:19:09 --> Session: Class initialized using 'CodeIgniter\Session\Handlers\FileHandler' driver.
DEBUG - 2025-06-04 10:19:10 --> Session: Class initialized using 'CodeIgniter\Session\Handlers\FileHandler' driver.
DEBUG - 2025-06-04 10:19:10 --> Session: Class initialized using 'CodeIgniter\Session\Handlers\FileHandler' driver.
DEBUG - 2025-06-04 10:19:11 --> Session: Class initialized using 'CodeIgniter\Session\Handlers\FileHandler' driver.
DEBUG - 2025-06-04 10:19:12 --> Session: Class initialized using 'CodeIgniter\Session\Handlers\FileHandler' driver.
DEBUG - 2025-06-04 10:19:13 --> Session: Class initialized using 'CodeIgniter\Session\Handlers\FileHandler' driver.
DEBUG - 2025-06-04 10:19:14 --> Session: Class initialized using 'CodeIgniter\Session\Handlers\FileHandler' driver.
DEBUG - 2025-06-04 10:19:14 --> Session: Class initialized using 'CodeIgniter\Session\Handlers\FileHandler' driver.
DEBUG - 2025-06-04 10:19:15 --> Session: Class initialized using 'CodeIgniter\Session\Handlers\FileHandler' driver.
DEBUG - 2025-06-04 10:19:16 --> Session: Class initialized using 'CodeIgniter\Session\Handlers\FileHandler' driver.
DEBUG - 2025-06-04 10:19:17 --> Session: Class initialized using 'CodeIgniter\Session\Handlers\FileHandler' driver.
DEBUG - 2025-06-04 10:19:17 --> Session: Class initialized using 'CodeIgniter\Session\Handlers\FileHandler' driver.
DEBUG - 2025-06-04 10:19:18 --> Session: Class initialized using 'CodeIgniter\Session\Handlers\FileHandler' driver.
DEBUG - 2025-06-04 10:19:19 --> Session: Class initialized using 'CodeIgniter\Session\Handlers\FileHandler' driver.
DEBUG - 2025-06-04 10:19:20 --> Session: Class initialized using 'CodeIgniter\Session\Handlers\FileHandler' driver.
DEBUG - 2025-06-04 10:19:21 --> Session: Class initialized using 'CodeIgniter\Session\Handlers\FileHandler' driver.
DEBUG - 2025-06-04 10:19:21 --> Session: Class initialized using 'CodeIgniter\Session\Handlers\FileHandler' driver.
DEBUG - 2025-06-04 10:19:22 --> Session: Class initialized using 'CodeIgniter\Session\Handlers\FileHandler' driver.
DEBUG - 2025-06-04 10:19:23 --> Session: Class initialized using 'CodeIgniter\Session\Handlers\FileHandler' driver.
DEBUG - 2025-06-04 10:19:24 --> Session: Class initialized using 'CodeIgniter\Session\Handlers\FileHandler' driver.
DEBUG - 2025-06-04 10:19:25 --> Session: Class initialized using 'CodeIgniter\Session\Handlers\FileHandler' driver.
DEBUG - 2025-06-04 10:19:26 --> Session: Class initialized using 'CodeIgniter\Session\Handlers\FileHandler' driver.
DEBUG - 2025-06-04 10:19:26 --> Session: Class initialized using 'CodeIgniter\Session\Handlers\FileHandler' driver.
DEBUG - 2025-06-04 10:19:27 --> Session: Class initialized using 'CodeIgniter\Session\Handlers\FileHandler' driver.
DEBUG - 2025-06-04 10:19:28 --> Session: Class initialized using 'CodeIgniter\Session\Handlers\FileHandler' driver.
DEBUG - 2025-06-04 10:19:29 --> Session: Class initialized using 'CodeIgniter\Session\Handlers\FileHandler' driver.
DEBUG - 2025-06-04 10:19:30 --> Session: Class initialized using 'CodeIgniter\Session\Handlers\FileHandler' driver.
DEBUG - 2025-06-04 10:19:30 --> Session: Class initialized using 'CodeIgniter\Session\Handlers\FileHandler' driver.
DEBUG - 2025-06-04 10:19:31 --> Session: Class initialized using 'CodeIgniter\Session\Handlers\FileHandler' driver.
DEBUG - 2025-06-04 10:19:32 --> Session: Class initialized using 'CodeIgniter\Session\Handlers\FileHandler' driver.
DEBUG - 2025-06-04 10:19:33 --> Session: Class initialized using 'CodeIgniter\Session\Handlers\FileHandler' driver.
DEBUG - 2025-06-04 10:19:34 --> Session: Class initialized using 'CodeIgniter\Session\Handlers\FileHandler' driver.
DEBUG - 2025-06-04 10:19:34 --> Session: Class initialized using 'CodeIgniter\Session\Handlers\FileHandler' driver.
DEBUG - 2025-06-04 10:19:35 --> Session: Class initialized using 'CodeIgniter\Session\Handlers\FileHandler' driver.
DEBUG - 2025-06-04 10:19:36 --> Session: Class initialized using 'CodeIgniter\Session\Handlers\FileHandler' driver.
DEBUG - 2025-06-04 10:19:37 --> Session: Class initialized using 'CodeIgniter\Session\Handlers\FileHandler' driver.
DEBUG - 2025-06-04 10:19:38 --> Session: Class initialized using 'CodeIgniter\Session\Handlers\FileHandler' driver.
DEBUG - 2025-06-04 10:19:38 --> Session: Class initialized using 'CodeIgniter\Session\Handlers\FileHandler' driver.
DEBUG - 2025-06-04 10:19:39 --> Session: Class initialized using 'CodeIgniter\Session\Handlers\FileHandler' driver.
DEBUG - 2025-06-04 10:19:40 --> Session: Class initialized using 'CodeIgniter\Session\Handlers\FileHandler' driver.
DEBUG - 2025-06-04 10:19:41 --> Session: Class initialized using 'CodeIgniter\Session\Handlers\FileHandler' driver.
DEBUG - 2025-06-04 10:19:41 --> Session: Class initialized using 'CodeIgniter\Session\Handlers\FileHandler' driver.
DEBUG - 2025-06-04 10:19:42 --> Session: Class initialized using 'CodeIgniter\Session\Handlers\FileHandler' driver.
DEBUG - 2025-06-04 10:19:43 --> Session: Class initialized using 'CodeIgniter\Session\Handlers\FileHandler' driver.
DEBUG - 2025-06-04 10:19:44 --> Session: Class initialized using 'CodeIgniter\Session\Handlers\FileHandler' driver.
DEBUG - 2025-06-04 10:19:45 --> Session: Class initialized using 'CodeIgniter\Session\Handlers\FileHandler' driver.
DEBUG - 2025-06-04 10:19:46 --> Session: Class initialized using 'CodeIgniter\Session\Handlers\FileHandler' driver.
DEBUG - 2025-06-04 10:19:47 --> Session: Class initialized using 'CodeIgniter\Session\Handlers\FileHandler' driver.
DEBUG - 2025-06-04 10:19:47 --> Session: Class initialized using 'CodeIgniter\Session\Handlers\FileHandler' driver.
DEBUG - 2025-06-04 10:19:48 --> Session: Class initialized using 'CodeIgniter\Session\Handlers\FileHandler' driver.
DEBUG - 2025-06-04 10:19:49 --> Session: Class initialized using 'CodeIgniter\Session\Handlers\FileHandler' driver.
DEBUG - 2025-06-04 10:19:50 --> Session: Class initialized using 'CodeIgniter\Session\Handlers\FileHandler' driver.
DEBUG - 2025-06-04 10:19:51 --> Session: Class initialized using 'CodeIgniter\Session\Handlers\FileHandler' driver.
DEBUG - 2025-06-04 10:19:52 --> Session: Class initialized using 'CodeIgniter\Session\Handlers\FileHandler' driver.
DEBUG - 2025-06-04 10:19:53 --> Session: Class initialized using 'CodeIgniter\Session\Handlers\FileHandler' driver.
DEBUG - 2025-06-04 10:19:53 --> Session: Class initialized using 'CodeIgniter\Session\Handlers\FileHandler' driver.
DEBUG - 2025-06-04 10:19:54 --> Session: Class initialized using 'CodeIgniter\Session\Handlers\FileHandler' driver.
DEBUG - 2025-06-04 10:19:55 --> Session: Class initialized using 'CodeIgniter\Session\Handlers\FileHandler' driver.
DEBUG - 2025-06-04 10:19:56 --> Session: Class initialized using 'CodeIgniter\Session\Handlers\FileHandler' driver.
DEBUG - 2025-06-04 10:19:57 --> Session: Class initialized using 'CodeIgniter\Session\Handlers\FileHandler' driver.
DEBUG - 2025-06-04 10:19:58 --> Session: Class initialized using 'CodeIgniter\Session\Handlers\FileHandler' driver.
DEBUG - 2025-06-04 10:19:58 --> Session: Class initialized using 'CodeIgniter\Session\Handlers\FileHandler' driver.
DEBUG - 2025-06-04 10:19:59 --> Session: Class initialized using 'CodeIgniter\Session\Handlers\FileHandler' driver.
DEBUG - 2025-06-04 10:20:00 --> Session: Class initialized using 'CodeIgniter\Session\Handlers\FileHandler' driver.
DEBUG - 2025-06-04 10:20:01 --> Session: Class initialized using 'CodeIgniter\Session\Handlers\FileHandler' driver.
DEBUG - 2025-06-04 10:20:02 --> Session: Class initialized using 'CodeIgniter\Session\Handlers\FileHandler' driver.
DEBUG - 2025-06-04 10:20:03 --> Session: Class initialized using 'CodeIgniter\Session\Handlers\FileHandler' driver.
DEBUG - 2025-06-04 10:20:04 --> Session: Class initialized using 'CodeIgniter\Session\Handlers\FileHandler' driver.
DEBUG - 2025-06-04 10:20:04 --> Session: Class initialized using 'CodeIgniter\Session\Handlers\FileHandler' driver.
DEBUG - 2025-06-04 10:20:05 --> Session: Class initialized using 'CodeIgniter\Session\Handlers\FileHandler' driver.
DEBUG - 2025-06-04 10:20:06 --> Session: Class initialized using 'CodeIgniter\Session\Handlers\FileHandler' driver.
DEBUG - 2025-06-04 10:20:07 --> Session: Class initialized using 'CodeIgniter\Session\Handlers\FileHandler' driver.
DEBUG - 2025-06-04 10:20:08 --> Session: Class initialized using 'CodeIgniter\Session\Handlers\FileHandler' driver.
DEBUG - 2025-06-04 10:20:08 --> Session: Class initialized using 'CodeIgniter\Session\Handlers\FileHandler' driver.
DEBUG - 2025-06-04 10:20:09 --> Session: Class initialized using 'CodeIgniter\Session\Handlers\FileHandler' driver.
DEBUG - 2025-06-04 10:20:10 --> Session: Class initialized using 'CodeIgniter\Session\Handlers\FileHandler' driver.
DEBUG - 2025-06-04 10:20:11 --> Session: Class initialized using 'CodeIgniter\Session\Handlers\FileHandler' driver.
DEBUG - 2025-06-04 10:20:11 --> Session: Class initialized using 'CodeIgniter\Session\Handlers\FileHandler' driver.
DEBUG - 2025-06-04 10:20:12 --> Session: Class initialized using 'CodeIgniter\Session\Handlers\FileHandler' driver.
DEBUG - 2025-06-04 10:20:13 --> Session: Class initialized using 'CodeIgniter\Session\Handlers\FileHandler' driver.
DEBUG - 2025-06-04 10:20:14 --> Session: Class initialized using 'CodeIgniter\Session\Handlers\FileHandler' driver.
DEBUG - 2025-06-04 10:20:15 --> Session: Class initialized using 'CodeIgniter\Session\Handlers\FileHandler' driver.
DEBUG - 2025-06-04 10:20:16 --> Session: Class initialized using 'CodeIgniter\Session\Handlers\FileHandler' driver.
DEBUG - 2025-06-04 10:20:17 --> Session: Class initialized using 'CodeIgniter\Session\Handlers\FileHandler' driver.
DEBUG - 2025-06-04 10:20:17 --> Session: Class initialized using 'CodeIgniter\Session\Handlers\FileHandler' driver.
DEBUG - 2025-06-04 10:20:18 --> Session: Class initialized using 'CodeIgniter\Session\Handlers\FileHandler' driver.
DEBUG - 2025-06-04 10:20:19 --> Session: Class initialized using 'CodeIgniter\Session\Handlers\FileHandler' driver.
DEBUG - 2025-06-04 10:20:20 --> Session: Class initialized using 'CodeIgniter\Session\Handlers\FileHandler' driver.
DEBUG - 2025-06-04 10:20:20 --> Session: Class initialized using 'CodeIgniter\Session\Handlers\FileHandler' driver.
DEBUG - 2025-06-04 10:20:21 --> Session: Class initialized using 'CodeIgniter\Session\Handlers\FileHandler' driver.
DEBUG - 2025-06-04 10:20:22 --> Session: Class initialized using 'CodeIgniter\Session\Handlers\FileHandler' driver.
DEBUG - 2025-06-04 10:20:23 --> Session: Class initialized using 'CodeIgniter\Session\Handlers\FileHandler' driver.
DEBUG - 2025-06-04 10:20:24 --> Session: Class initialized using 'CodeIgniter\Session\Handlers\FileHandler' driver.
DEBUG - 2025-06-04 10:20:26 --> Session: Class initialized using 'CodeIgniter\Session\Handlers\FileHandler' driver.
DEBUG - 2025-06-04 10:20:27 --> Session: Class initialized using 'CodeIgniter\Session\Handlers\FileHandler' driver.
DEBUG - 2025-06-04 10:20:28 --> Session: Class initialized using 'CodeIgniter\Session\Handlers\FileHandler' driver.
DEBUG - 2025-06-04 10:20:28 --> Session: Class initialized using 'CodeIgniter\Session\Handlers\FileHandler' driver.
DEBUG - 2025-06-04 10:20:29 --> Session: Class initialized using 'CodeIgniter\Session\Handlers\FileHandler' driver.
DEBUG - 2025-06-04 10:20:30 --> Session: Class initialized using 'CodeIgniter\Session\Handlers\FileHandler' driver.
DEBUG - 2025-06-04 10:20:31 --> Session: Class initialized using 'CodeIgniter\Session\Handlers\FileHandler' driver.
DEBUG - 2025-06-04 10:20:31 --> Session: Class initialized using 'CodeIgniter\Session\Handlers\FileHandler' driver.
DEBUG - 2025-06-04 10:20:32 --> Session: Class initialized using 'CodeIgniter\Session\Handlers\FileHandler' driver.
DEBUG - 2025-06-04 10:20:33 --> Session: Class initialized using 'CodeIgniter\Session\Handlers\FileHandler' driver.
DEBUG - 2025-06-04 10:20:34 --> Session: Class initialized using 'CodeIgniter\Session\Handlers\FileHandler' driver.
DEBUG - 2025-06-04 10:20:35 --> Session: Class initialized using 'CodeIgniter\Session\Handlers\FileHandler' driver.
DEBUG - 2025-06-04 10:20:35 --> Session: Class initialized using 'CodeIgniter\Session\Handlers\FileHandler' driver.
DEBUG - 2025-06-04 10:20:36 --> Session: Class initialized using 'CodeIgniter\Session\Handlers\FileHandler' driver.
DEBUG - 2025-06-04 10:20:37 --> Session: Class initialized using 'CodeIgniter\Session\Handlers\FileHandler' driver.
DEBUG - 2025-06-04 10:20:38 --> Session: Class initialized using 'CodeIgniter\Session\Handlers\FileHandler' driver.
DEBUG - 2025-06-04 10:20:38 --> Session: Class initialized using 'CodeIgniter\Session\Handlers\FileHandler' driver.
DEBUG - 2025-06-04 10:20:39 --> Session: Class initialized using 'CodeIgniter\Session\Handlers\FileHandler' driver.
DEBUG - 2025-06-04 10:20:40 --> Session: Class initialized using 'CodeIgniter\Session\Handlers\FileHandler' driver.
DEBUG - 2025-06-04 10:20:41 --> Session: Class initialized using 'CodeIgniter\Session\Handlers\FileHandler' driver.
DEBUG - 2025-06-04 10:20:42 --> Session: Class initialized using 'CodeIgniter\Session\Handlers\FileHandler' driver.
DEBUG - 2025-06-04 10:20:42 --> Session: Class initialized using 'CodeIgniter\Session\Handlers\FileHandler' driver.
DEBUG - 2025-06-04 10:20:43 --> Session: Class initialized using 'CodeIgniter\Session\Handlers\FileHandler' driver.
DEBUG - 2025-06-04 10:20:44 --> Session: Class initialized using 'CodeIgniter\Session\Handlers\FileHandler' driver.
DEBUG - 2025-06-04 10:20:45 --> Session: Class initialized using 'CodeIgniter\Session\Handlers\FileHandler' driver.
DEBUG - 2025-06-04 10:20:46 --> Session: Class initialized using 'CodeIgniter\Session\Handlers\FileHandler' driver.
DEBUG - 2025-06-04 10:20:46 --> Session: Class initialized using 'CodeIgniter\Session\Handlers\FileHandler' driver.
DEBUG - 2025-06-04 10:20:47 --> Session: Class initialized using 'CodeIgniter\Session\Handlers\FileHandler' driver.
DEBUG - 2025-06-04 10:20:48 --> Session: Class initialized using 'CodeIgniter\Session\Handlers\FileHandler' driver.
DEBUG - 2025-06-04 10:20:49 --> Session: Class initialized using 'CodeIgniter\Session\Handlers\FileHandler' driver.
DEBUG - 2025-06-04 10:20:50 --> Session: Class initialized using 'CodeIgniter\Session\Handlers\FileHandler' driver.
DEBUG - 2025-06-04 10:20:51 --> Session: Class initialized using 'CodeIgniter\Session\Handlers\FileHandler' driver.
DEBUG - 2025-06-04 10:20:51 --> Session: Class initialized using 'CodeIgniter\Session\Handlers\FileHandler' driver.
DEBUG - 2025-06-04 10:20:52 --> Session: Class initialized using 'CodeIgniter\Session\Handlers\FileHandler' driver.
DEBUG - 2025-06-04 10:20:53 --> Session: Class initialized using 'CodeIgniter\Session\Handlers\FileHandler' driver.
DEBUG - 2025-06-04 10:20:54 --> Session: Class initialized using 'CodeIgniter\Session\Handlers\FileHandler' driver.
DEBUG - 2025-06-04 10:20:55 --> Session: Class initialized using 'CodeIgniter\Session\Handlers\FileHandler' driver.
DEBUG - 2025-06-04 10:20:55 --> Session: Class initialized using 'CodeIgniter\Session\Handlers\FileHandler' driver.
DEBUG - 2025-06-04 10:20:56 --> Session: Class initialized using 'CodeIgniter\Session\Handlers\FileHandler' driver.
DEBUG - 2025-06-04 10:20:57 --> Session: Class initialized using 'CodeIgniter\Session\Handlers\FileHandler' driver.
DEBUG - 2025-06-04 10:20:58 --> Session: Class initialized using 'CodeIgniter\Session\Handlers\FileHandler' driver.
DEBUG - 2025-06-04 10:20:59 --> Session: Class initialized using 'CodeIgniter\Session\Handlers\FileHandler' driver.
DEBUG - 2025-06-04 10:20:59 --> Session: Class initialized using 'CodeIgniter\Session\Handlers\FileHandler' driver.
DEBUG - 2025-06-04 10:21:01 --> Session: Class initialized using 'CodeIgniter\Session\Handlers\FileHandler' driver.
DEBUG - 2025-06-04 10:21:02 --> Session: Class initialized using 'CodeIgniter\Session\Handlers\FileHandler' driver.
DEBUG - 2025-06-04 10:21:03 --> Session: Class initialized using 'CodeIgniter\Session\Handlers\FileHandler' driver.
DEBUG - 2025-06-04 10:21:03 --> Session: Class initialized using 'CodeIgniter\Session\Handlers\FileHandler' driver.
DEBUG - 2025-06-04 10:21:04 --> Session: Class initialized using 'CodeIgniter\Session\Handlers\FileHandler' driver.
DEBUG - 2025-06-04 10:21:05 --> Session: Class initialized using 'CodeIgniter\Session\Handlers\FileHandler' driver.
DEBUG - 2025-06-04 10:21:06 --> Session: Class initialized using 'CodeIgniter\Session\Handlers\FileHandler' driver.
DEBUG - 2025-06-04 10:21:07 --> Session: Class initialized using 'CodeIgniter\Session\Handlers\FileHandler' driver.
DEBUG - 2025-06-04 10:21:08 --> Session: Class initialized using 'CodeIgniter\Session\Handlers\FileHandler' driver.
DEBUG - 2025-06-04 10:21:09 --> Session: Class initialized using 'CodeIgniter\Session\Handlers\FileHandler' driver.
DEBUG - 2025-06-04 10:21:09 --> Session: Class initialized using 'CodeIgniter\Session\Handlers\FileHandler' driver.
DEBUG - 2025-06-04 10:21:10 --> Session: Class initialized using 'CodeIgniter\Session\Handlers\FileHandler' driver.
DEBUG - 2025-06-04 10:21:11 --> Session: Class initialized using 'CodeIgniter\Session\Handlers\FileHandler' driver.
DEBUG - 2025-06-04 10:21:12 --> Session: Class initialized using 'CodeIgniter\Session\Handlers\FileHandler' driver.
DEBUG - 2025-06-04 10:21:12 --> Session: Class initialized using 'CodeIgniter\Session\Handlers\FileHandler' driver.
DEBUG - 2025-06-04 10:21:13 --> Session: Class initialized using 'CodeIgniter\Session\Handlers\FileHandler' driver.
DEBUG - 2025-06-04 10:21:14 --> Session: Class initialized using 'CodeIgniter\Session\Handlers\FileHandler' driver.
DEBUG - 2025-06-04 10:21:15 --> Session: Class initialized using 'CodeIgniter\Session\Handlers\FileHandler' driver.
DEBUG - 2025-06-04 10:21:16 --> Session: Class initialized using 'CodeIgniter\Session\Handlers\FileHandler' driver.
DEBUG - 2025-06-04 10:21:17 --> Session: Class initialized using 'CodeIgniter\Session\Handlers\FileHandler' driver.
DEBUG - 2025-06-04 10:21:17 --> Session: Class initialized using 'CodeIgniter\Session\Handlers\FileHandler' driver.
DEBUG - 2025-06-04 10:21:18 --> Session: Class initialized using 'CodeIgniter\Session\Handlers\FileHandler' driver.
DEBUG - 2025-06-04 10:21:19 --> Session: Class initialized using 'CodeIgniter\Session\Handlers\FileHandler' driver.
DEBUG - 2025-06-04 10:21:20 --> Session: Class initialized using 'CodeIgniter\Session\Handlers\FileHandler' driver.
DEBUG - 2025-06-04 10:21:21 --> Session: Class initialized using 'CodeIgniter\Session\Handlers\FileHandler' driver.
DEBUG - 2025-06-04 10:21:22 --> Session: Class initialized using 'CodeIgniter\Session\Handlers\FileHandler' driver.
DEBUG - 2025-06-04 10:21:22 --> Session: Class initialized using 'CodeIgniter\Session\Handlers\FileHandler' driver.
DEBUG - 2025-06-04 10:21:23 --> Session: Class initialized using 'CodeIgniter\Session\Handlers\FileHandler' driver.
DEBUG - 2025-06-04 10:21:24 --> Session: Class initialized using 'CodeIgniter\Session\Handlers\FileHandler' driver.
DEBUG - 2025-06-04 10:21:25 --> Session: Class initialized using 'CodeIgniter\Session\Handlers\FileHandler' driver.
DEBUG - 2025-06-04 10:21:26 --> Session: Class initialized using 'CodeIgniter\Session\Handlers\FileHandler' driver.
DEBUG - 2025-06-04 10:21:26 --> Session: Class initialized using 'CodeIgniter\Session\Handlers\FileHandler' driver.
DEBUG - 2025-06-04 10:21:27 --> Session: Class initialized using 'CodeIgniter\Session\Handlers\FileHandler' driver.
CRITICAL - 2025-06-04 10:21:31 --> CodeIgniter\HTTP\Exceptions\BadRequestException: The URI you submitted has disallowed characters: "..À¯..À¯..À¯..À¯..À¯..À¯etc"
[Method: GET, Route: ..%C0%AF..%C0%AF..%C0%AF..%C0%AF..%C0%AF..%C0%AFetc/passwd]
in SYSTEMPATH/Router/Router.php on line 739.
 1 SYSTEMPATH/Router/Router.php(207): CodeIgniter\Router\Router->checkDisallowedChars()
 2 SYSTEMPATH/CodeIgniter.php(832): CodeIgniter\Router\Router->handle()
 3 SYSTEMPATH/CodeIgniter.php(455): CodeIgniter\CodeIgniter->tryToRouteIt()
 4 SYSTEMPATH/CodeIgniter.php(354): CodeIgniter\CodeIgniter->handleRequest()
 5 SYSTEMPATH/Boot.php(334): CodeIgniter\CodeIgniter->run()
 6 SYSTEMPATH/Boot.php(67): CodeIgniter\Boot::runCodeIgniter()
 7 FCPATH/index.php(56): CodeIgniter\Boot::bootWeb()
CRITICAL - 2025-06-04 10:21:31 --> ErrorException: Uncaught CodeIgniter\Format\Exceptions\FormatException: Failed to parse JSON string. Error: Malformed UTF-8 characters, possibly incorrectly encoded in /home/u303612745/domains/karyapilarnusantara.com/kpn/vendor/codeigniter4/framework/system/Format/JSONFormatter.php:45
Stack trace:
#0 /home/u303612745/domains/karyapilarnusantara.com/kpn/vendor/codeigniter4/framework/system/Format/JSONFormatter.php(45): CodeIgniter\Format\Exceptions\FormatException::forInvalidJSON()
#1 /home/u303612745/domains/karyapilarnusantara.com/kpn/vendor/codeigniter4/framework/system/API/ResponseTrait.php(345): CodeIgniter\Format\JSONFormatter->format()
#2 /home/u303612745/domains/karyapilarnusantara.com/kpn/vendor/codeigniter4/framework/system/API/ResponseTrait.php(103): CodeIgniter\Debug\ExceptionHandler->format()
#3 /home/u303612745/domains/karyapilarnusantara.com/kpn/vendor/codeigniter4/framework/system/Debug/ExceptionHandler.php(85): CodeIgniter\Debug\ExceptionHandler->respond()
#4 /home/u303612745/domains/karyapilarnusantara.com/kpn/vendor/codeigniter4/framework/system/Debug/Exceptions.php(162): CodeIgniter\Debug\ExceptionHandler->handle()
#5 [internal function]: CodeIgniter\Debug\Exceptions->exceptionHandler()
#6 {main}
  thrown
ã€Previous Exceptionã€‘
CodeIgniter\HTTP\Exceptions\BadRequestException
The URI you submitted has disallowed characters: "..À¯..À¯..À¯..À¯..À¯..À¯etc"
#0 /home/u303612745/domains/karyapilarnusantara.com/kpn/vendor/codeigniter4/framework/system/Router/Router.php(207): CodeIgniter\Router\Router->checkDisallowedChars()
#1 /home/u303612745/domains/karyapilarnusantara.com/kpn/vendor/codeigniter4/framework/system/CodeIgniter.php(832): CodeIgniter\Router\Router->handle()
#2 /home/u303612745/domains/karyapilarnusantara.com/kpn/vendor/codeigniter4/framework/system/CodeIgniter.php(455): CodeIgniter\CodeIgniter->tryToRouteIt()
#3 /home/u303612745/domains/karyapilarnusantara.com/kpn/vendor/codeigniter4/framework/system/CodeIgniter.php(354): CodeIgniter\CodeIgniter->handleRequest()
#4 /home/u303612745/domains/karyapilarnusantara.com/kpn/vendor/codeigniter4/framework/system/Boot.php(334): CodeIgniter\CodeIgniter->run()
#5 /home/u303612745/domains/karyapilarnusantara.com/kpn/vendor/codeigniter4/framework/system/Boot.php(67): CodeIgniter\Boot::runCodeIgniter()
#6 /home/u303612745/domains/karyapilarnusantara.com/public_html/index.php(56): CodeIgniter\Boot::bootWeb()
#7 {main}
[Method: GET, Route: ..%C0%AF..%C0%AF..%C0%AF..%C0%AF..%C0%AF..%C0%AFetc/passwd]
in SYSTEMPATH/Format/JSONFormatter.php on line 45.
 1 [internal function]: CodeIgniter\Debug\Exceptions->shutdownHandler()
CRITICAL - 2025-06-04 10:21:32 --> CodeIgniter\HTTP\Exceptions\BadRequestException: The URI you submitted has disallowed characters: "..à€¯..à€¯..à€¯..à€¯..à€¯..à€¯etc"
[Method: GET, Route: ..%E0%80%AF..%E0%80%AF..%E0%80%AF..%E0%80%AF..%E0%80%AF..%E0%80%AFetc/passwd]
in SYSTEMPATH/Router/Router.php on line 739.
 1 SYSTEMPATH/Router/Router.php(207): CodeIgniter\Router\Router->checkDisallowedChars()
 2 SYSTEMPATH/CodeIgniter.php(832): CodeIgniter\Router\Router->handle()
 3 SYSTEMPATH/CodeIgniter.php(455): CodeIgniter\CodeIgniter->tryToRouteIt()
 4 SYSTEMPATH/CodeIgniter.php(354): CodeIgniter\CodeIgniter->handleRequest()
 5 SYSTEMPATH/Boot.php(334): CodeIgniter\CodeIgniter->run()
 6 SYSTEMPATH/Boot.php(67): CodeIgniter\Boot::runCodeIgniter()
 7 FCPATH/index.php(56): CodeIgniter\Boot::bootWeb()
CRITICAL - 2025-06-04 10:21:32 --> ErrorException: Uncaught CodeIgniter\Format\Exceptions\FormatException: Failed to parse JSON string. Error: Malformed UTF-8 characters, possibly incorrectly encoded in /home/u303612745/domains/karyapilarnusantara.com/kpn/vendor/codeigniter4/framework/system/Format/JSONFormatter.php:45
Stack trace:
#0 /home/u303612745/domains/karyapilarnusantara.com/kpn/vendor/codeigniter4/framework/system/Format/JSONFormatter.php(45): CodeIgniter\Format\Exceptions\FormatException::forInvalidJSON()
#1 /home/u303612745/domains/karyapilarnusantara.com/kpn/vendor/codeigniter4/framework/system/API/ResponseTrait.php(345): CodeIgniter\Format\JSONFormatter->format()
#2 /home/u303612745/domains/karyapilarnusantara.com/kpn/vendor/codeigniter4/framework/system/API/ResponseTrait.php(103): CodeIgniter\Debug\ExceptionHandler->format()
#3 /home/u303612745/domains/karyapilarnusantara.com/kpn/vendor/codeigniter4/framework/system/Debug/ExceptionHandler.php(85): CodeIgniter\Debug\ExceptionHandler->respond()
#4 /home/u303612745/domains/karyapilarnusantara.com/kpn/vendor/codeigniter4/framework/system/Debug/Exceptions.php(162): CodeIgniter\Debug\ExceptionHandler->handle()
#5 [internal function]: CodeIgniter\Debug\Exceptions->exceptionHandler()
#6 {main}
  thrown
ã€Previous Exceptionã€‘
CodeIgniter\HTTP\Exceptions\BadRequestException
The URI you submitted has disallowed characters: "..à€¯..à€¯..à€¯..à€¯..à€¯..à€¯etc"
#0 /home/u303612745/domains/karyapilarnusantara.com/kpn/vendor/codeigniter4/framework/system/Router/Router.php(207): CodeIgniter\Router\Router->checkDisallowedChars()
#1 /home/u303612745/domains/karyapilarnusantara.com/kpn/vendor/codeigniter4/framework/system/CodeIgniter.php(832): CodeIgniter\Router\Router->handle()
#2 /home/u303612745/domains/karyapilarnusantara.com/kpn/vendor/codeigniter4/framework/system/CodeIgniter.php(455): CodeIgniter\CodeIgniter->tryToRouteIt()
#3 /home/u303612745/domains/karyapilarnusantara.com/kpn/vendor/codeigniter4/framework/system/CodeIgniter.php(354): CodeIgniter\CodeIgniter->handleRequest()
#4 /home/u303612745/domains/karyapilarnusantara.com/kpn/vendor/codeigniter4/framework/system/Boot.php(334): CodeIgniter\CodeIgniter->run()
#5 /home/u303612745/domains/karyapilarnusantara.com/kpn/vendor/codeigniter4/framework/system/Boot.php(67): CodeIgniter\Boot::runCodeIgniter()
#6 /home/u303612745/domains/karyapilarnusantara.com/public_html/index.php(56): CodeIgniter\Boot::bootWeb()
#7 {main}
[Method: GET, Route: ..%E0%80%AF..%E0%80%AF..%E0%80%AF..%E0%80%AF..%E0%80%AF..%E0%80%AFetc/passwd]
in SYSTEMPATH/Format/JSONFormatter.php on line 45.
 1 [internal function]: CodeIgniter\Debug\Exceptions->shutdownHandler()
CRITICAL - 2025-06-04 10:21:33 --> CodeIgniter\HTTP\Exceptions\BadRequestException: The URI you submitted has disallowed characters: "..\..\..\..\..\..\etc"
[Method: GET, Route: ..%5C..%5C..%5C..%5C..%5C..%5Cetc/passwd]
in SYSTEMPATH/Router/Router.php on line 739.
 1 SYSTEMPATH/Router/Router.php(207): CodeIgniter\Router\Router->checkDisallowedChars()
 2 SYSTEMPATH/CodeIgniter.php(832): CodeIgniter\Router\Router->handle()
 3 SYSTEMPATH/CodeIgniter.php(455): CodeIgniter\CodeIgniter->tryToRouteIt()
 4 SYSTEMPATH/CodeIgniter.php(354): CodeIgniter\CodeIgniter->handleRequest()
 5 SYSTEMPATH/Boot.php(334): CodeIgniter\CodeIgniter->run()
 6 SYSTEMPATH/Boot.php(67): CodeIgniter\Boot::runCodeIgniter()
 7 FCPATH/index.php(56): CodeIgniter\Boot::bootWeb()
CRITICAL - 2025-06-04 10:21:33 --> CodeIgniter\HTTP\Exceptions\BadRequestException: The URI you submitted has disallowed characters: "..\..\..\..\..\..\etc"
[Method: GET, Route: ..%5C..%5C..%5C..%5C..%5C..%5Cetc/passwd]
in SYSTEMPATH/Router/Router.php on line 739.
 1 SYSTEMPATH/Router/Router.php(207): CodeIgniter\Router\Router->checkDisallowedChars()
 2 SYSTEMPATH/CodeIgniter.php(832): CodeIgniter\Router\Router->handle()
 3 SYSTEMPATH/CodeIgniter.php(455): CodeIgniter\CodeIgniter->tryToRouteIt()
 4 SYSTEMPATH/CodeIgniter.php(354): CodeIgniter\CodeIgniter->handleRequest()
 5 SYSTEMPATH/Boot.php(334): CodeIgniter\CodeIgniter->run()
 6 SYSTEMPATH/Boot.php(67): CodeIgniter\Boot::runCodeIgniter()
 7 FCPATH/index.php(56): CodeIgniter\Boot::bootWeb()
CRITICAL - 2025-06-04 10:21:34 --> CodeIgniter\HTTP\Exceptions\BadRequestException: The URI you submitted has disallowed characters: "..\..\..\..\..\..\etc"
[Method: GET, Route: ..%5c..%5c..%5c..%5c..%5c..%5cetc/passwd]
in SYSTEMPATH/Router/Router.php on line 739.
 1 SYSTEMPATH/Router/Router.php(207): CodeIgniter\Router\Router->checkDisallowedChars()
 2 SYSTEMPATH/CodeIgniter.php(832): CodeIgniter\Router\Router->handle()
 3 SYSTEMPATH/CodeIgniter.php(455): CodeIgniter\CodeIgniter->tryToRouteIt()
 4 SYSTEMPATH/CodeIgniter.php(354): CodeIgniter\CodeIgniter->handleRequest()
 5 SYSTEMPATH/Boot.php(334): CodeIgniter\CodeIgniter->run()
 6 SYSTEMPATH/Boot.php(67): CodeIgniter\Boot::runCodeIgniter()
 7 FCPATH/index.php(56): CodeIgniter\Boot::bootWeb()
CRITICAL - 2025-06-04 10:21:37 --> CodeIgniter\HTTP\Exceptions\BadRequestException: The URI you submitted has disallowed characters: "..À¯..À¯..À¯..À¯..À¯..À¯etc"
[Method: GET, Route: ..%C0%AF..%C0%AF..%C0%AF..%C0%AF..%C0%AF..%C0%AFetc/shadow]
in SYSTEMPATH/Router/Router.php on line 739.
 1 SYSTEMPATH/Router/Router.php(207): CodeIgniter\Router\Router->checkDisallowedChars()
 2 SYSTEMPATH/CodeIgniter.php(832): CodeIgniter\Router\Router->handle()
 3 SYSTEMPATH/CodeIgniter.php(455): CodeIgniter\CodeIgniter->tryToRouteIt()
 4 SYSTEMPATH/CodeIgniter.php(354): CodeIgniter\CodeIgniter->handleRequest()
 5 SYSTEMPATH/Boot.php(334): CodeIgniter\CodeIgniter->run()
 6 SYSTEMPATH/Boot.php(67): CodeIgniter\Boot::runCodeIgniter()
 7 FCPATH/index.php(56): CodeIgniter\Boot::bootWeb()
CRITICAL - 2025-06-04 10:21:37 --> ErrorException: Uncaught CodeIgniter\Format\Exceptions\FormatException: Failed to parse JSON string. Error: Malformed UTF-8 characters, possibly incorrectly encoded in /home/u303612745/domains/karyapilarnusantara.com/kpn/vendor/codeigniter4/framework/system/Format/JSONFormatter.php:45
Stack trace:
#0 /home/u303612745/domains/karyapilarnusantara.com/kpn/vendor/codeigniter4/framework/system/Format/JSONFormatter.php(45): CodeIgniter\Format\Exceptions\FormatException::forInvalidJSON()
#1 /home/u303612745/domains/karyapilarnusantara.com/kpn/vendor/codeigniter4/framework/system/API/ResponseTrait.php(345): CodeIgniter\Format\JSONFormatter->format()
#2 /home/u303612745/domains/karyapilarnusantara.com/kpn/vendor/codeigniter4/framework/system/API/ResponseTrait.php(103): CodeIgniter\Debug\ExceptionHandler->format()
#3 /home/u303612745/domains/karyapilarnusantara.com/kpn/vendor/codeigniter4/framework/system/Debug/ExceptionHandler.php(85): CodeIgniter\Debug\ExceptionHandler->respond()
#4 /home/u303612745/domains/karyapilarnusantara.com/kpn/vendor/codeigniter4/framework/system/Debug/Exceptions.php(162): CodeIgniter\Debug\ExceptionHandler->handle()
#5 [internal function]: CodeIgniter\Debug\Exceptions->exceptionHandler()
#6 {main}
  thrown
ã€Previous Exceptionã€‘
CodeIgniter\HTTP\Exceptions\BadRequestException
The URI you submitted has disallowed characters: "..À¯..À¯..À¯..À¯..À¯..À¯etc"
#0 /home/u303612745/domains/karyapilarnusantara.com/kpn/vendor/codeigniter4/framework/system/Router/Router.php(207): CodeIgniter\Router\Router->checkDisallowedChars()
#1 /home/u303612745/domains/karyapilarnusantara.com/kpn/vendor/codeigniter4/framework/system/CodeIgniter.php(832): CodeIgniter\Router\Router->handle()
#2 /home/u303612745/domains/karyapilarnusantara.com/kpn/vendor/codeigniter4/framework/system/CodeIgniter.php(455): CodeIgniter\CodeIgniter->tryToRouteIt()
#3 /home/u303612745/domains/karyapilarnusantara.com/kpn/vendor/codeigniter4/framework/system/CodeIgniter.php(354): CodeIgniter\CodeIgniter->handleRequest()
#4 /home/u303612745/domains/karyapilarnusantara.com/kpn/vendor/codeigniter4/framework/system/Boot.php(334): CodeIgniter\CodeIgniter->run()
#5 /home/u303612745/domains/karyapilarnusantara.com/kpn/vendor/codeigniter4/framework/system/Boot.php(67): CodeIgniter\Boot::runCodeIgniter()
#6 /home/u303612745/domains/karyapilarnusantara.com/public_html/index.php(56): CodeIgniter\Boot::bootWeb()
#7 {main}
[Method: GET, Route: ..%C0%AF..%C0%AF..%C0%AF..%C0%AF..%C0%AF..%C0%AFetc/shadow]
in SYSTEMPATH/Format/JSONFormatter.php on line 45.
 1 [internal function]: CodeIgniter\Debug\Exceptions->shutdownHandler()
CRITICAL - 2025-06-04 10:21:38 --> CodeIgniter\HTTP\Exceptions\BadRequestException: The URI you submitted has disallowed characters: "..à€¯..à€¯..à€¯..à€¯..à€¯..à€¯etc"
[Method: GET, Route: ..%E0%80%AF..%E0%80%AF..%E0%80%AF..%E0%80%AF..%E0%80%AF..%E0%80%AFetc/shadow]
in SYSTEMPATH/Router/Router.php on line 739.
 1 SYSTEMPATH/Router/Router.php(207): CodeIgniter\Router\Router->checkDisallowedChars()
 2 SYSTEMPATH/CodeIgniter.php(832): CodeIgniter\Router\Router->handle()
 3 SYSTEMPATH/CodeIgniter.php(455): CodeIgniter\CodeIgniter->tryToRouteIt()
 4 SYSTEMPATH/CodeIgniter.php(354): CodeIgniter\CodeIgniter->handleRequest()
 5 SYSTEMPATH/Boot.php(334): CodeIgniter\CodeIgniter->run()
 6 SYSTEMPATH/Boot.php(67): CodeIgniter\Boot::runCodeIgniter()
 7 FCPATH/index.php(56): CodeIgniter\Boot::bootWeb()
CRITICAL - 2025-06-04 10:21:38 --> ErrorException: Uncaught CodeIgniter\Format\Exceptions\FormatException: Failed to parse JSON string. Error: Malformed UTF-8 characters, possibly incorrectly encoded in /home/u303612745/domains/karyapilarnusantara.com/kpn/vendor/codeigniter4/framework/system/Format/JSONFormatter.php:45
Stack trace:
#0 /home/u303612745/domains/karyapilarnusantara.com/kpn/vendor/codeigniter4/framework/system/Format/JSONFormatter.php(45): CodeIgniter\Format\Exceptions\FormatException::forInvalidJSON()
#1 /home/u303612745/domains/karyapilarnusantara.com/kpn/vendor/codeigniter4/framework/system/API/ResponseTrait.php(345): CodeIgniter\Format\JSONFormatter->format()
#2 /home/u303612745/domains/karyapilarnusantara.com/kpn/vendor/codeigniter4/framework/system/API/ResponseTrait.php(103): CodeIgniter\Debug\ExceptionHandler->format()
#3 /home/u303612745/domains/karyapilarnusantara.com/kpn/vendor/codeigniter4/framework/system/Debug/ExceptionHandler.php(85): CodeIgniter\Debug\ExceptionHandler->respond()
#4 /home/u303612745/domains/karyapilarnusantara.com/kpn/vendor/codeigniter4/framework/system/Debug/Exceptions.php(162): CodeIgniter\Debug\ExceptionHandler->handle()
#5 [internal function]: CodeIgniter\Debug\Exceptions->exceptionHandler()
#6 {main}
  thrown
ã€Previous Exceptionã€‘
CodeIgniter\HTTP\Exceptions\BadRequestException
The URI you submitted has disallowed characters: "..à€¯..à€¯..à€¯..à€¯..à€¯..à€¯etc"
#0 /home/u303612745/domains/karyapilarnusantara.com/kpn/vendor/codeigniter4/framework/system/Router/Router.php(207): CodeIgniter\Router\Router->checkDisallowedChars()
#1 /home/u303612745/domains/karyapilarnusantara.com/kpn/vendor/codeigniter4/framework/system/CodeIgniter.php(832): CodeIgniter\Router\Router->handle()
#2 /home/u303612745/domains/karyapilarnusantara.com/kpn/vendor/codeigniter4/framework/system/CodeIgniter.php(455): CodeIgniter\CodeIgniter->tryToRouteIt()
#3 /home/u303612745/domains/karyapilarnusantara.com/kpn/vendor/codeigniter4/framework/system/CodeIgniter.php(354): CodeIgniter\CodeIgniter->handleRequest()
#4 /home/u303612745/domains/karyapilarnusantara.com/kpn/vendor/codeigniter4/framework/system/Boot.php(334): CodeIgniter\CodeIgniter->run()
#5 /home/u303612745/domains/karyapilarnusantara.com/kpn/vendor/codeigniter4/framework/system/Boot.php(67): CodeIgniter\Boot::runCodeIgniter()
#6 /home/u303612745/domains/karyapilarnusantara.com/public_html/index.php(56): CodeIgniter\Boot::bootWeb()
#7 {main}
[Method: GET, Route: ..%E0%80%AF..%E0%80%AF..%E0%80%AF..%E0%80%AF..%E0%80%AF..%E0%80%AFetc/shadow]
in SYSTEMPATH/Format/JSONFormatter.php on line 45.
 1 [internal function]: CodeIgniter\Debug\Exceptions->shutdownHandler()
CRITICAL - 2025-06-04 10:21:38 --> CodeIgniter\HTTP\Exceptions\BadRequestException: The URI you submitted has disallowed characters: "..\..\..\..\..\..\etc"
[Method: GET, Route: ..%5C..%5C..%5C..%5C..%5C..%5Cetc/shadow]
in SYSTEMPATH/Router/Router.php on line 739.
 1 SYSTEMPATH/Router/Router.php(207): CodeIgniter\Router\Router->checkDisallowedChars()
 2 SYSTEMPATH/CodeIgniter.php(832): CodeIgniter\Router\Router->handle()
 3 SYSTEMPATH/CodeIgniter.php(455): CodeIgniter\CodeIgniter->tryToRouteIt()
 4 SYSTEMPATH/CodeIgniter.php(354): CodeIgniter\CodeIgniter->handleRequest()
 5 SYSTEMPATH/Boot.php(334): CodeIgniter\CodeIgniter->run()
 6 SYSTEMPATH/Boot.php(67): CodeIgniter\Boot::runCodeIgniter()
 7 FCPATH/index.php(56): CodeIgniter\Boot::bootWeb()
CRITICAL - 2025-06-04 10:21:39 --> CodeIgniter\HTTP\Exceptions\BadRequestException: The URI you submitted has disallowed characters: "..\..\..\..\..\..\etc"
[Method: GET, Route: ..%5C..%5C..%5C..%5C..%5C..%5Cetc/shadow]
in SYSTEMPATH/Router/Router.php on line 739.
 1 SYSTEMPATH/Router/Router.php(207): CodeIgniter\Router\Router->checkDisallowedChars()
 2 SYSTEMPATH/CodeIgniter.php(832): CodeIgniter\Router\Router->handle()
 3 SYSTEMPATH/CodeIgniter.php(455): CodeIgniter\CodeIgniter->tryToRouteIt()
 4 SYSTEMPATH/CodeIgniter.php(354): CodeIgniter\CodeIgniter->handleRequest()
 5 SYSTEMPATH/Boot.php(334): CodeIgniter\CodeIgniter->run()
 6 SYSTEMPATH/Boot.php(67): CodeIgniter\Boot::runCodeIgniter()
 7 FCPATH/index.php(56): CodeIgniter\Boot::bootWeb()
CRITICAL - 2025-06-04 10:21:39 --> CodeIgniter\HTTP\Exceptions\BadRequestException: The URI you submitted has disallowed characters: "..\..\..\..\..\..\etc"
[Method: GET, Route: ..%5c..%5c..%5c..%5c..%5c..%5cetc/shadow]
in SYSTEMPATH/Router/Router.php on line 739.
 1 SYSTEMPATH/Router/Router.php(207): CodeIgniter\Router\Router->checkDisallowedChars()
 2 SYSTEMPATH/CodeIgniter.php(832): CodeIgniter\Router\Router->handle()
 3 SYSTEMPATH/CodeIgniter.php(455): CodeIgniter\CodeIgniter->tryToRouteIt()
 4 SYSTEMPATH/CodeIgniter.php(354): CodeIgniter\CodeIgniter->handleRequest()
 5 SYSTEMPATH/Boot.php(334): CodeIgniter\CodeIgniter->run()
 6 SYSTEMPATH/Boot.php(67): CodeIgniter\Boot::runCodeIgniter()
 7 FCPATH/index.php(56): CodeIgniter\Boot::bootWeb()
CRITICAL - 2025-06-04 10:21:43 --> CodeIgniter\HTTP\Exceptions\BadRequestException: The URI you submitted has disallowed characters: "..À¯..À¯..À¯..À¯..À¯..À¯etc"
[Method: GET, Route: ..%C0%AF..%C0%AF..%C0%AF..%C0%AF..%C0%AF..%C0%AFetc/hosts]
in SYSTEMPATH/Router/Router.php on line 739.
 1 SYSTEMPATH/Router/Router.php(207): CodeIgniter\Router\Router->checkDisallowedChars()
 2 SYSTEMPATH/CodeIgniter.php(832): CodeIgniter\Router\Router->handle()
 3 SYSTEMPATH/CodeIgniter.php(455): CodeIgniter\CodeIgniter->tryToRouteIt()
 4 SYSTEMPATH/CodeIgniter.php(354): CodeIgniter\CodeIgniter->handleRequest()
 5 SYSTEMPATH/Boot.php(334): CodeIgniter\CodeIgniter->run()
 6 SYSTEMPATH/Boot.php(67): CodeIgniter\Boot::runCodeIgniter()
 7 FCPATH/index.php(56): CodeIgniter\Boot::bootWeb()
CRITICAL - 2025-06-04 10:21:43 --> ErrorException: Uncaught CodeIgniter\Format\Exceptions\FormatException: Failed to parse JSON string. Error: Malformed UTF-8 characters, possibly incorrectly encoded in /home/u303612745/domains/karyapilarnusantara.com/kpn/vendor/codeigniter4/framework/system/Format/JSONFormatter.php:45
Stack trace:
#0 /home/u303612745/domains/karyapilarnusantara.com/kpn/vendor/codeigniter4/framework/system/Format/JSONFormatter.php(45): CodeIgniter\Format\Exceptions\FormatException::forInvalidJSON()
#1 /home/u303612745/domains/karyapilarnusantara.com/kpn/vendor/codeigniter4/framework/system/API/ResponseTrait.php(345): CodeIgniter\Format\JSONFormatter->format()
#2 /home/u303612745/domains/karyapilarnusantara.com/kpn/vendor/codeigniter4/framework/system/API/ResponseTrait.php(103): CodeIgniter\Debug\ExceptionHandler->format()
#3 /home/u303612745/domains/karyapilarnusantara.com/kpn/vendor/codeigniter4/framework/system/Debug/ExceptionHandler.php(85): CodeIgniter\Debug\ExceptionHandler->respond()
#4 /home/u303612745/domains/karyapilarnusantara.com/kpn/vendor/codeigniter4/framework/system/Debug/Exceptions.php(162): CodeIgniter\Debug\ExceptionHandler->handle()
#5 [internal function]: CodeIgniter\Debug\Exceptions->exceptionHandler()
#6 {main}
  thrown
ã€Previous Exceptionã€‘
CodeIgniter\HTTP\Exceptions\BadRequestException
The URI you submitted has disallowed characters: "..À¯..À¯..À¯..À¯..À¯..À¯etc"
#0 /home/u303612745/domains/karyapilarnusantara.com/kpn/vendor/codeigniter4/framework/system/Router/Router.php(207): CodeIgniter\Router\Router->checkDisallowedChars()
#1 /home/u303612745/domains/karyapilarnusantara.com/kpn/vendor/codeigniter4/framework/system/CodeIgniter.php(832): CodeIgniter\Router\Router->handle()
#2 /home/u303612745/domains/karyapilarnusantara.com/kpn/vendor/codeigniter4/framework/system/CodeIgniter.php(455): CodeIgniter\CodeIgniter->tryToRouteIt()
#3 /home/u303612745/domains/karyapilarnusantara.com/kpn/vendor/codeigniter4/framework/system/CodeIgniter.php(354): CodeIgniter\CodeIgniter->handleRequest()
#4 /home/u303612745/domains/karyapilarnusantara.com/kpn/vendor/codeigniter4/framework/system/Boot.php(334): CodeIgniter\CodeIgniter->run()
#5 /home/u303612745/domains/karyapilarnusantara.com/kpn/vendor/codeigniter4/framework/system/Boot.php(67): CodeIgniter\Boot::runCodeIgniter()
#6 /home/u303612745/domains/karyapilarnusantara.com/public_html/index.php(56): CodeIgniter\Boot::bootWeb()
#7 {main}
[Method: GET, Route: ..%C0%AF..%C0%AF..%C0%AF..%C0%AF..%C0%AF..%C0%AFetc/hosts]
in SYSTEMPATH/Format/JSONFormatter.php on line 45.
 1 [internal function]: CodeIgniter\Debug\Exceptions->shutdownHandler()
CRITICAL - 2025-06-04 10:21:43 --> CodeIgniter\HTTP\Exceptions\BadRequestException: The URI you submitted has disallowed characters: "..à€¯..à€¯..à€¯..à€¯..à€¯..à€¯etc"
[Method: GET, Route: ..%E0%80%AF..%E0%80%AF..%E0%80%AF..%E0%80%AF..%E0%80%AF..%E0%80%AFetc/hosts]
in SYSTEMPATH/Router/Router.php on line 739.
 1 SYSTEMPATH/Router/Router.php(207): CodeIgniter\Router\Router->checkDisallowedChars()
 2 SYSTEMPATH/CodeIgniter.php(832): CodeIgniter\Router\Router->handle()
 3 SYSTEMPATH/CodeIgniter.php(455): CodeIgniter\CodeIgniter->tryToRouteIt()
 4 SYSTEMPATH/CodeIgniter.php(354): CodeIgniter\CodeIgniter->handleRequest()
 5 SYSTEMPATH/Boot.php(334): CodeIgniter\CodeIgniter->run()
 6 SYSTEMPATH/Boot.php(67): CodeIgniter\Boot::runCodeIgniter()
 7 FCPATH/index.php(56): CodeIgniter\Boot::bootWeb()
CRITICAL - 2025-06-04 10:21:43 --> ErrorException: Uncaught CodeIgniter\Format\Exceptions\FormatException: Failed to parse JSON string. Error: Malformed UTF-8 characters, possibly incorrectly encoded in /home/u303612745/domains/karyapilarnusantara.com/kpn/vendor/codeigniter4/framework/system/Format/JSONFormatter.php:45
Stack trace:
#0 /home/u303612745/domains/karyapilarnusantara.com/kpn/vendor/codeigniter4/framework/system/Format/JSONFormatter.php(45): CodeIgniter\Format\Exceptions\FormatException::forInvalidJSON()
#1 /home/u303612745/domains/karyapilarnusantara.com/kpn/vendor/codeigniter4/framework/system/API/ResponseTrait.php(345): CodeIgniter\Format\JSONFormatter->format()
#2 /home/u303612745/domains/karyapilarnusantara.com/kpn/vendor/codeigniter4/framework/system/API/ResponseTrait.php(103): CodeIgniter\Debug\ExceptionHandler->format()
#3 /home/u303612745/domains/karyapilarnusantara.com/kpn/vendor/codeigniter4/framework/system/Debug/ExceptionHandler.php(85): CodeIgniter\Debug\ExceptionHandler->respond()
#4 /home/u303612745/domains/karyapilarnusantara.com/kpn/vendor/codeigniter4/framework/system/Debug/Exceptions.php(162): CodeIgniter\Debug\ExceptionHandler->handle()
#5 [internal function]: CodeIgniter\Debug\Exceptions->exceptionHandler()
#6 {main}
  thrown
ã€Previous Exceptionã€‘
CodeIgniter\HTTP\Exceptions\BadRequestException
The URI you submitted has disallowed characters: "..à€¯..à€¯..à€¯..à€¯..à€¯..à€¯etc"
#0 /home/u303612745/domains/karyapilarnusantara.com/kpn/vendor/codeigniter4/framework/system/Router/Router.php(207): CodeIgniter\Router\Router->checkDisallowedChars()
#1 /home/u303612745/domains/karyapilarnusantara.com/kpn/vendor/codeigniter4/framework/system/CodeIgniter.php(832): CodeIgniter\Router\Router->handle()
#2 /home/u303612745/domains/karyapilarnusantara.com/kpn/vendor/codeigniter4/framework/system/CodeIgniter.php(455): CodeIgniter\CodeIgniter->tryToRouteIt()
#3 /home/u303612745/domains/karyapilarnusantara.com/kpn/vendor/codeigniter4/framework/system/CodeIgniter.php(354): CodeIgniter\CodeIgniter->handleRequest()
#4 /home/u303612745/domains/karyapilarnusantara.com/kpn/vendor/codeigniter4/framework/system/Boot.php(334): CodeIgniter\CodeIgniter->run()
#5 /home/u303612745/domains/karyapilarnusantara.com/kpn/vendor/codeigniter4/framework/system/Boot.php(67): CodeIgniter\Boot::runCodeIgniter()
#6 /home/u303612745/domains/karyapilarnusantara.com/public_html/index.php(56): CodeIgniter\Boot::bootWeb()
#7 {main}
[Method: GET, Route: ..%E0%80%AF..%E0%80%AF..%E0%80%AF..%E0%80%AF..%E0%80%AF..%E0%80%AFetc/hosts]
in SYSTEMPATH/Format/JSONFormatter.php on line 45.
 1 [internal function]: CodeIgniter\Debug\Exceptions->shutdownHandler()
CRITICAL - 2025-06-04 10:21:44 --> CodeIgniter\HTTP\Exceptions\BadRequestException: The URI you submitted has disallowed characters: "..\..\..\..\..\..\etc"
[Method: GET, Route: ..%5C..%5C..%5C..%5C..%5C..%5Cetc/hosts]
in SYSTEMPATH/Router/Router.php on line 739.
 1 SYSTEMPATH/Router/Router.php(207): CodeIgniter\Router\Router->checkDisallowedChars()
 2 SYSTEMPATH/CodeIgniter.php(832): CodeIgniter\Router\Router->handle()
 3 SYSTEMPATH/CodeIgniter.php(455): CodeIgniter\CodeIgniter->tryToRouteIt()
 4 SYSTEMPATH/CodeIgniter.php(354): CodeIgniter\CodeIgniter->handleRequest()
 5 SYSTEMPATH/Boot.php(334): CodeIgniter\CodeIgniter->run()
 6 SYSTEMPATH/Boot.php(67): CodeIgniter\Boot::runCodeIgniter()
 7 FCPATH/index.php(56): CodeIgniter\Boot::bootWeb()
CRITICAL - 2025-06-04 10:21:45 --> CodeIgniter\HTTP\Exceptions\BadRequestException: The URI you submitted has disallowed characters: "..\..\..\..\..\..\etc"
[Method: GET, Route: ..%5C..%5C..%5C..%5C..%5C..%5Cetc/hosts]
in SYSTEMPATH/Router/Router.php on line 739.
 1 SYSTEMPATH/Router/Router.php(207): CodeIgniter\Router\Router->checkDisallowedChars()
 2 SYSTEMPATH/CodeIgniter.php(832): CodeIgniter\Router\Router->handle()
 3 SYSTEMPATH/CodeIgniter.php(455): CodeIgniter\CodeIgniter->tryToRouteIt()
 4 SYSTEMPATH/CodeIgniter.php(354): CodeIgniter\CodeIgniter->handleRequest()
 5 SYSTEMPATH/Boot.php(334): CodeIgniter\CodeIgniter->run()
 6 SYSTEMPATH/Boot.php(67): CodeIgniter\Boot::runCodeIgniter()
 7 FCPATH/index.php(56): CodeIgniter\Boot::bootWeb()
CRITICAL - 2025-06-04 10:21:45 --> CodeIgniter\HTTP\Exceptions\BadRequestException: The URI you submitted has disallowed characters: "..\..\..\..\..\..\etc"
[Method: GET, Route: ..%5c..%5c..%5c..%5c..%5c..%5cetc/hosts]
in SYSTEMPATH/Router/Router.php on line 739.
 1 SYSTEMPATH/Router/Router.php(207): CodeIgniter\Router\Router->checkDisallowedChars()
 2 SYSTEMPATH/CodeIgniter.php(832): CodeIgniter\Router\Router->handle()
 3 SYSTEMPATH/CodeIgniter.php(455): CodeIgniter\CodeIgniter->tryToRouteIt()
 4 SYSTEMPATH/CodeIgniter.php(354): CodeIgniter\CodeIgniter->handleRequest()
 5 SYSTEMPATH/Boot.php(334): CodeIgniter\CodeIgniter->run()
 6 SYSTEMPATH/Boot.php(67): CodeIgniter\Boot::runCodeIgniter()
 7 FCPATH/index.php(56): CodeIgniter\Boot::bootWeb()
CRITICAL - 2025-06-04 10:21:48 --> CodeIgniter\HTTP\Exceptions\BadRequestException: The URI you submitted has disallowed characters: "..À¯..À¯..À¯..À¯..À¯..À¯etc"
[Method: GET, Route: ..%C0%AF..%C0%AF..%C0%AF..%C0%AF..%C0%AF..%C0%AFetc/hostname]
in SYSTEMPATH/Router/Router.php on line 739.
 1 SYSTEMPATH/Router/Router.php(207): CodeIgniter\Router\Router->checkDisallowedChars()
 2 SYSTEMPATH/CodeIgniter.php(832): CodeIgniter\Router\Router->handle()
 3 SYSTEMPATH/CodeIgniter.php(455): CodeIgniter\CodeIgniter->tryToRouteIt()
 4 SYSTEMPATH/CodeIgniter.php(354): CodeIgniter\CodeIgniter->handleRequest()
 5 SYSTEMPATH/Boot.php(334): CodeIgniter\CodeIgniter->run()
 6 SYSTEMPATH/Boot.php(67): CodeIgniter\Boot::runCodeIgniter()
 7 FCPATH/index.php(56): CodeIgniter\Boot::bootWeb()
CRITICAL - 2025-06-04 10:21:48 --> ErrorException: Uncaught CodeIgniter\Format\Exceptions\FormatException: Failed to parse JSON string. Error: Malformed UTF-8 characters, possibly incorrectly encoded in /home/u303612745/domains/karyapilarnusantara.com/kpn/vendor/codeigniter4/framework/system/Format/JSONFormatter.php:45
Stack trace:
#0 /home/u303612745/domains/karyapilarnusantara.com/kpn/vendor/codeigniter4/framework/system/Format/JSONFormatter.php(45): CodeIgniter\Format\Exceptions\FormatException::forInvalidJSON()
#1 /home/u303612745/domains/karyapilarnusantara.com/kpn/vendor/codeigniter4/framework/system/API/ResponseTrait.php(345): CodeIgniter\Format\JSONFormatter->format()
#2 /home/u303612745/domains/karyapilarnusantara.com/kpn/vendor/codeigniter4/framework/system/API/ResponseTrait.php(103): CodeIgniter\Debug\ExceptionHandler->format()
#3 /home/u303612745/domains/karyapilarnusantara.com/kpn/vendor/codeigniter4/framework/system/Debug/ExceptionHandler.php(85): CodeIgniter\Debug\ExceptionHandler->respond()
#4 /home/u303612745/domains/karyapilarnusantara.com/kpn/vendor/codeigniter4/framework/system/Debug/Exceptions.php(162): CodeIgniter\Debug\ExceptionHandler->handle()
#5 [internal function]: CodeIgniter\Debug\Exceptions->exceptionHandler()
#6 {main}
  thrown
ã€Previous Exceptionã€‘
CodeIgniter\HTTP\Exceptions\BadRequestException
The URI you submitted has disallowed characters: "..À¯..À¯..À¯..À¯..À¯..À¯etc"
#0 /home/u303612745/domains/karyapilarnusantara.com/kpn/vendor/codeigniter4/framework/system/Router/Router.php(207): CodeIgniter\Router\Router->checkDisallowedChars()
#1 /home/u303612745/domains/karyapilarnusantara.com/kpn/vendor/codeigniter4/framework/system/CodeIgniter.php(832): CodeIgniter\Router\Router->handle()
#2 /home/u303612745/domains/karyapilarnusantara.com/kpn/vendor/codeigniter4/framework/system/CodeIgniter.php(455): CodeIgniter\CodeIgniter->tryToRouteIt()
#3 /home/u303612745/domains/karyapilarnusantara.com/kpn/vendor/codeigniter4/framework/system/CodeIgniter.php(354): CodeIgniter\CodeIgniter->handleRequest()
#4 /home/u303612745/domains/karyapilarnusantara.com/kpn/vendor/codeigniter4/framework/system/Boot.php(334): CodeIgniter\CodeIgniter->run()
#5 /home/u303612745/domains/karyapilarnusantara.com/kpn/vendor/codeigniter4/framework/system/Boot.php(67): CodeIgniter\Boot::runCodeIgniter()
#6 /home/u303612745/domains/karyapilarnusantara.com/public_html/index.php(56): CodeIgniter\Boot::bootWeb()
#7 {main}
[Method: GET, Route: ..%C0%AF..%C0%AF..%C0%AF..%C0%AF..%C0%AF..%C0%AFetc/hostname]
in SYSTEMPATH/Format/JSONFormatter.php on line 45.
 1 [internal function]: CodeIgniter\Debug\Exceptions->shutdownHandler()
CRITICAL - 2025-06-04 10:21:49 --> CodeIgniter\HTTP\Exceptions\BadRequestException: The URI you submitted has disallowed characters: "..à€¯..à€¯..à€¯..à€¯..à€¯..à€¯etc"
[Method: GET, Route: ..%E0%80%AF..%E0%80%AF..%E0%80%AF..%E0%80%AF..%E0%80%AF..%E0%80%AFetc/hostname]
in SYSTEMPATH/Router/Router.php on line 739.
 1 SYSTEMPATH/Router/Router.php(207): CodeIgniter\Router\Router->checkDisallowedChars()
 2 SYSTEMPATH/CodeIgniter.php(832): CodeIgniter\Router\Router->handle()
 3 SYSTEMPATH/CodeIgniter.php(455): CodeIgniter\CodeIgniter->tryToRouteIt()
 4 SYSTEMPATH/CodeIgniter.php(354): CodeIgniter\CodeIgniter->handleRequest()
 5 SYSTEMPATH/Boot.php(334): CodeIgniter\CodeIgniter->run()
 6 SYSTEMPATH/Boot.php(67): CodeIgniter\Boot::runCodeIgniter()
 7 FCPATH/index.php(56): CodeIgniter\Boot::bootWeb()
CRITICAL - 2025-06-04 10:21:49 --> ErrorException: Uncaught CodeIgniter\Format\Exceptions\FormatException: Failed to parse JSON string. Error: Malformed UTF-8 characters, possibly incorrectly encoded in /home/u303612745/domains/karyapilarnusantara.com/kpn/vendor/codeigniter4/framework/system/Format/JSONFormatter.php:45
Stack trace:
#0 /home/u303612745/domains/karyapilarnusantara.com/kpn/vendor/codeigniter4/framework/system/Format/JSONFormatter.php(45): CodeIgniter\Format\Exceptions\FormatException::forInvalidJSON()
#1 /home/u303612745/domains/karyapilarnusantara.com/kpn/vendor/codeigniter4/framework/system/API/ResponseTrait.php(345): CodeIgniter\Format\JSONFormatter->format()
#2 /home/u303612745/domains/karyapilarnusantara.com/kpn/vendor/codeigniter4/framework/system/API/ResponseTrait.php(103): CodeIgniter\Debug\ExceptionHandler->format()
#3 /home/u303612745/domains/karyapilarnusantara.com/kpn/vendor/codeigniter4/framework/system/Debug/ExceptionHandler.php(85): CodeIgniter\Debug\ExceptionHandler->respond()
#4 /home/u303612745/domains/karyapilarnusantara.com/kpn/vendor/codeigniter4/framework/system/Debug/Exceptions.php(162): CodeIgniter\Debug\ExceptionHandler->handle()
#5 [internal function]: CodeIgniter\Debug\Exceptions->exceptionHandler()
#6 {main}
  thrown
ã€Previous Exceptionã€‘
CodeIgniter\HTTP\Exceptions\BadRequestException
The URI you submitted has disallowed characters: "..à€¯..à€¯..à€¯..à€¯..à€¯..à€¯etc"
#0 /home/u303612745/domains/karyapilarnusantara.com/kpn/vendor/codeigniter4/framework/system/Router/Router.php(207): CodeIgniter\Router\Router->checkDisallowedChars()
#1 /home/u303612745/domains/karyapilarnusantara.com/kpn/vendor/codeigniter4/framework/system/CodeIgniter.php(832): CodeIgniter\Router\Router->handle()
#2 /home/u303612745/domains/karyapilarnusantara.com/kpn/vendor/codeigniter4/framework/system/CodeIgniter.php(455): CodeIgniter\CodeIgniter->tryToRouteIt()
#3 /home/u303612745/domains/karyapilarnusantara.com/kpn/vendor/codeigniter4/framework/system/CodeIgniter.php(354): CodeIgniter\CodeIgniter->handleRequest()
#4 /home/u303612745/domains/karyapilarnusantara.com/kpn/vendor/codeigniter4/framework/system/Boot.php(334): CodeIgniter\CodeIgniter->run()
#5 /home/u303612745/domains/karyapilarnusantara.com/kpn/vendor/codeigniter4/framework/system/Boot.php(67): CodeIgniter\Boot::runCodeIgniter()
#6 /home/u303612745/domains/karyapilarnusantara.com/public_html/index.php(56): CodeIgniter\Boot::bootWeb()
#7 {main}
[Method: GET, Route: ..%E0%80%AF..%E0%80%AF..%E0%80%AF..%E0%80%AF..%E0%80%AF..%E0%80%AFetc/hostname]
in SYSTEMPATH/Format/JSONFormatter.php on line 45.
 1 [internal function]: CodeIgniter\Debug\Exceptions->shutdownHandler()
CRITICAL - 2025-06-04 10:21:50 --> CodeIgniter\HTTP\Exceptions\BadRequestException: The URI you submitted has disallowed characters: "..\..\..\..\..\..\etc"
[Method: GET, Route: ..%5C..%5C..%5C..%5C..%5C..%5Cetc/hostname]
in SYSTEMPATH/Router/Router.php on line 739.
 1 SYSTEMPATH/Router/Router.php(207): CodeIgniter\Router\Router->checkDisallowedChars()
 2 SYSTEMPATH/CodeIgniter.php(832): CodeIgniter\Router\Router->handle()
 3 SYSTEMPATH/CodeIgniter.php(455): CodeIgniter\CodeIgniter->tryToRouteIt()
 4 SYSTEMPATH/CodeIgniter.php(354): CodeIgniter\CodeIgniter->handleRequest()
 5 SYSTEMPATH/Boot.php(334): CodeIgniter\CodeIgniter->run()
 6 SYSTEMPATH/Boot.php(67): CodeIgniter\Boot::runCodeIgniter()
 7 FCPATH/index.php(56): CodeIgniter\Boot::bootWeb()
CRITICAL - 2025-06-04 10:21:50 --> CodeIgniter\HTTP\Exceptions\BadRequestException: The URI you submitted has disallowed characters: "..\..\..\..\..\..\etc"
[Method: GET, Route: ..%5C..%5C..%5C..%5C..%5C..%5Cetc/hostname]
in SYSTEMPATH/Router/Router.php on line 739.
 1 SYSTEMPATH/Router/Router.php(207): CodeIgniter\Router\Router->checkDisallowedChars()
 2 SYSTEMPATH/CodeIgniter.php(832): CodeIgniter\Router\Router->handle()
 3 SYSTEMPATH/CodeIgniter.php(455): CodeIgniter\CodeIgniter->tryToRouteIt()
 4 SYSTEMPATH/CodeIgniter.php(354): CodeIgniter\CodeIgniter->handleRequest()
 5 SYSTEMPATH/Boot.php(334): CodeIgniter\CodeIgniter->run()
 6 SYSTEMPATH/Boot.php(67): CodeIgniter\Boot::runCodeIgniter()
 7 FCPATH/index.php(56): CodeIgniter\Boot::bootWeb()
CRITICAL - 2025-06-04 10:21:51 --> CodeIgniter\HTTP\Exceptions\BadRequestException: The URI you submitted has disallowed characters: "..\..\..\..\..\..\etc"
[Method: GET, Route: ..%5c..%5c..%5c..%5c..%5c..%5cetc/hostname]
in SYSTEMPATH/Router/Router.php on line 739.
 1 SYSTEMPATH/Router/Router.php(207): CodeIgniter\Router\Router->checkDisallowedChars()
 2 SYSTEMPATH/CodeIgniter.php(832): CodeIgniter\Router\Router->handle()
 3 SYSTEMPATH/CodeIgniter.php(455): CodeIgniter\CodeIgniter->tryToRouteIt()
 4 SYSTEMPATH/CodeIgniter.php(354): CodeIgniter\CodeIgniter->handleRequest()
 5 SYSTEMPATH/Boot.php(334): CodeIgniter\CodeIgniter->run()
 6 SYSTEMPATH/Boot.php(67): CodeIgniter\Boot::runCodeIgniter()
 7 FCPATH/index.php(56): CodeIgniter\Boot::bootWeb()
CRITICAL - 2025-06-04 10:21:54 --> CodeIgniter\HTTP\Exceptions\BadRequestException: The URI you submitted has disallowed characters: "..À¯..À¯..À¯..À¯..À¯..À¯etc"
[Method: GET, Route: ..%C0%AF..%C0%AF..%C0%AF..%C0%AF..%C0%AF..%C0%AFetc/php.ini]
in SYSTEMPATH/Router/Router.php on line 739.
 1 SYSTEMPATH/Router/Router.php(207): CodeIgniter\Router\Router->checkDisallowedChars()
 2 SYSTEMPATH/CodeIgniter.php(832): CodeIgniter\Router\Router->handle()
 3 SYSTEMPATH/CodeIgniter.php(455): CodeIgniter\CodeIgniter->tryToRouteIt()
 4 SYSTEMPATH/CodeIgniter.php(354): CodeIgniter\CodeIgniter->handleRequest()
 5 SYSTEMPATH/Boot.php(334): CodeIgniter\CodeIgniter->run()
 6 SYSTEMPATH/Boot.php(67): CodeIgniter\Boot::runCodeIgniter()
 7 FCPATH/index.php(56): CodeIgniter\Boot::bootWeb()
CRITICAL - 2025-06-04 10:21:54 --> ErrorException: Uncaught CodeIgniter\Format\Exceptions\FormatException: Failed to parse JSON string. Error: Malformed UTF-8 characters, possibly incorrectly encoded in /home/u303612745/domains/karyapilarnusantara.com/kpn/vendor/codeigniter4/framework/system/Format/JSONFormatter.php:45
Stack trace:
#0 /home/u303612745/domains/karyapilarnusantara.com/kpn/vendor/codeigniter4/framework/system/Format/JSONFormatter.php(45): CodeIgniter\Format\Exceptions\FormatException::forInvalidJSON()
#1 /home/u303612745/domains/karyapilarnusantara.com/kpn/vendor/codeigniter4/framework/system/API/ResponseTrait.php(345): CodeIgniter\Format\JSONFormatter->format()
#2 /home/u303612745/domains/karyapilarnusantara.com/kpn/vendor/codeigniter4/framework/system/API/ResponseTrait.php(103): CodeIgniter\Debug\ExceptionHandler->format()
#3 /home/u303612745/domains/karyapilarnusantara.com/kpn/vendor/codeigniter4/framework/system/Debug/ExceptionHandler.php(85): CodeIgniter\Debug\ExceptionHandler->respond()
#4 /home/u303612745/domains/karyapilarnusantara.com/kpn/vendor/codeigniter4/framework/system/Debug/Exceptions.php(162): CodeIgniter\Debug\ExceptionHandler->handle()
#5 [internal function]: CodeIgniter\Debug\Exceptions->exceptionHandler()
#6 {main}
  thrown
ã€Previous Exceptionã€‘
CodeIgniter\HTTP\Exceptions\BadRequestException
The URI you submitted has disallowed characters: "..À¯..À¯..À¯..À¯..À¯..À¯etc"
#0 /home/u303612745/domains/karyapilarnusantara.com/kpn/vendor/codeigniter4/framework/system/Router/Router.php(207): CodeIgniter\Router\Router->checkDisallowedChars()
#1 /home/u303612745/domains/karyapilarnusantara.com/kpn/vendor/codeigniter4/framework/system/CodeIgniter.php(832): CodeIgniter\Router\Router->handle()
#2 /home/u303612745/domains/karyapilarnusantara.com/kpn/vendor/codeigniter4/framework/system/CodeIgniter.php(455): CodeIgniter\CodeIgniter->tryToRouteIt()
#3 /home/u303612745/domains/karyapilarnusantara.com/kpn/vendor/codeigniter4/framework/system/CodeIgniter.php(354): CodeIgniter\CodeIgniter->handleRequest()
#4 /home/u303612745/domains/karyapilarnusantara.com/kpn/vendor/codeigniter4/framework/system/Boot.php(334): CodeIgniter\CodeIgniter->run()
#5 /home/u303612745/domains/karyapilarnusantara.com/kpn/vendor/codeigniter4/framework/system/Boot.php(67): CodeIgniter\Boot::runCodeIgniter()
#6 /home/u303612745/domains/karyapilarnusantara.com/public_html/index.php(56): CodeIgniter\Boot::bootWeb()
#7 {main}
[Method: GET, Route: ..%C0%AF..%C0%AF..%C0%AF..%C0%AF..%C0%AF..%C0%AFetc/php.ini]
in SYSTEMPATH/Format/JSONFormatter.php on line 45.
 1 [internal function]: CodeIgniter\Debug\Exceptions->shutdownHandler()
CRITICAL - 2025-06-04 10:21:55 --> CodeIgniter\HTTP\Exceptions\BadRequestException: The URI you submitted has disallowed characters: "..à€¯..à€¯..à€¯..à€¯..à€¯..à€¯etc"
[Method: GET, Route: ..%E0%80%AF..%E0%80%AF..%E0%80%AF..%E0%80%AF..%E0%80%AF..%E0%80%AFetc/php.ini]
in SYSTEMPATH/Router/Router.php on line 739.
 1 SYSTEMPATH/Router/Router.php(207): CodeIgniter\Router\Router->checkDisallowedChars()
 2 SYSTEMPATH/CodeIgniter.php(832): CodeIgniter\Router\Router->handle()
 3 SYSTEMPATH/CodeIgniter.php(455): CodeIgniter\CodeIgniter->tryToRouteIt()
 4 SYSTEMPATH/CodeIgniter.php(354): CodeIgniter\CodeIgniter->handleRequest()
 5 SYSTEMPATH/Boot.php(334): CodeIgniter\CodeIgniter->run()
 6 SYSTEMPATH/Boot.php(67): CodeIgniter\Boot::runCodeIgniter()
 7 FCPATH/index.php(56): CodeIgniter\Boot::bootWeb()
CRITICAL - 2025-06-04 10:21:55 --> ErrorException: Uncaught CodeIgniter\Format\Exceptions\FormatException: Failed to parse JSON string. Error: Malformed UTF-8 characters, possibly incorrectly encoded in /home/u303612745/domains/karyapilarnusantara.com/kpn/vendor/codeigniter4/framework/system/Format/JSONFormatter.php:45
Stack trace:
#0 /home/u303612745/domains/karyapilarnusantara.com/kpn/vendor/codeigniter4/framework/system/Format/JSONFormatter.php(45): CodeIgniter\Format\Exceptions\FormatException::forInvalidJSON()
#1 /home/u303612745/domains/karyapilarnusantara.com/kpn/vendor/codeigniter4/framework/system/API/ResponseTrait.php(345): CodeIgniter\Format\JSONFormatter->format()
#2 /home/u303612745/domains/karyapilarnusantara.com/kpn/vendor/codeigniter4/framework/system/API/ResponseTrait.php(103): CodeIgniter\Debug\ExceptionHandler->format()
#3 /home/u303612745/domains/karyapilarnusantara.com/kpn/vendor/codeigniter4/framework/system/Debug/ExceptionHandler.php(85): CodeIgniter\Debug\ExceptionHandler->respond()
#4 /home/u303612745/domains/karyapilarnusantara.com/kpn/vendor/codeigniter4/framework/system/Debug/Exceptions.php(162): CodeIgniter\Debug\ExceptionHandler->handle()
#5 [internal function]: CodeIgniter\Debug\Exceptions->exceptionHandler()
#6 {main}
  thrown
ã€Previous Exceptionã€‘
CodeIgniter\HTTP\Exceptions\BadRequestException
The URI you submitted has disallowed characters: "..à€¯..à€¯..à€¯..à€¯..à€¯..à€¯etc"
#0 /home/u303612745/domains/karyapilarnusantara.com/kpn/vendor/codeigniter4/framework/system/Router/Router.php(207): CodeIgniter\Router\Router->checkDisallowedChars()
#1 /home/u303612745/domains/karyapilarnusantara.com/kpn/vendor/codeigniter4/framework/system/CodeIgniter.php(832): CodeIgniter\Router\Router->handle()
#2 /home/u303612745/domains/karyapilarnusantara.com/kpn/vendor/codeigniter4/framework/system/CodeIgniter.php(455): CodeIgniter\CodeIgniter->tryToRouteIt()
#3 /home/u303612745/domains/karyapilarnusantara.com/kpn/vendor/codeigniter4/framework/system/CodeIgniter.php(354): CodeIgniter\CodeIgniter->handleRequest()
#4 /home/u303612745/domains/karyapilarnusantara.com/kpn/vendor/codeigniter4/framework/system/Boot.php(334): CodeIgniter\CodeIgniter->run()
#5 /home/u303612745/domains/karyapilarnusantara.com/kpn/vendor/codeigniter4/framework/system/Boot.php(67): CodeIgniter\Boot::runCodeIgniter()
#6 /home/u303612745/domains/karyapilarnusantara.com/public_html/index.php(56): CodeIgniter\Boot::bootWeb()
#7 {main}
[Method: GET, Route: ..%E0%80%AF..%E0%80%AF..%E0%80%AF..%E0%80%AF..%E0%80%AF..%E0%80%AFetc/php.ini]
in SYSTEMPATH/Format/JSONFormatter.php on line 45.
 1 [internal function]: CodeIgniter\Debug\Exceptions->shutdownHandler()
CRITICAL - 2025-06-04 10:21:55 --> CodeIgniter\HTTP\Exceptions\BadRequestException: The URI you submitted has disallowed characters: "..\..\..\..\..\..\etc"
[Method: GET, Route: ..%5C..%5C..%5C..%5C..%5C..%5Cetc/php.ini]
in SYSTEMPATH/Router/Router.php on line 739.
 1 SYSTEMPATH/Router/Router.php(207): CodeIgniter\Router\Router->checkDisallowedChars()
 2 SYSTEMPATH/CodeIgniter.php(832): CodeIgniter\Router\Router->handle()
 3 SYSTEMPATH/CodeIgniter.php(455): CodeIgniter\CodeIgniter->tryToRouteIt()
 4 SYSTEMPATH/CodeIgniter.php(354): CodeIgniter\CodeIgniter->handleRequest()
 5 SYSTEMPATH/Boot.php(334): CodeIgniter\CodeIgniter->run()
 6 SYSTEMPATH/Boot.php(67): CodeIgniter\Boot::runCodeIgniter()
 7 FCPATH/index.php(56): CodeIgniter\Boot::bootWeb()
CRITICAL - 2025-06-04 10:21:56 --> CodeIgniter\HTTP\Exceptions\BadRequestException: The URI you submitted has disallowed characters: "..\..\..\..\..\..\etc"
[Method: GET, Route: ..%5C..%5C..%5C..%5C..%5C..%5Cetc/php.ini]
in SYSTEMPATH/Router/Router.php on line 739.
 1 SYSTEMPATH/Router/Router.php(207): CodeIgniter\Router\Router->checkDisallowedChars()
 2 SYSTEMPATH/CodeIgniter.php(832): CodeIgniter\Router\Router->handle()
 3 SYSTEMPATH/CodeIgniter.php(455): CodeIgniter\CodeIgniter->tryToRouteIt()
 4 SYSTEMPATH/CodeIgniter.php(354): CodeIgniter\CodeIgniter->handleRequest()
 5 SYSTEMPATH/Boot.php(334): CodeIgniter\CodeIgniter->run()
 6 SYSTEMPATH/Boot.php(67): CodeIgniter\Boot::runCodeIgniter()
 7 FCPATH/index.php(56): CodeIgniter\Boot::bootWeb()
CRITICAL - 2025-06-04 10:21:56 --> CodeIgniter\HTTP\Exceptions\BadRequestException: The URI you submitted has disallowed characters: "..\..\..\..\..\..\etc"
[Method: GET, Route: ..%5c..%5c..%5c..%5c..%5c..%5cetc/php.ini]
in SYSTEMPATH/Router/Router.php on line 739.
 1 SYSTEMPATH/Router/Router.php(207): CodeIgniter\Router\Router->checkDisallowedChars()
 2 SYSTEMPATH/CodeIgniter.php(832): CodeIgniter\Router\Router->handle()
 3 SYSTEMPATH/CodeIgniter.php(455): CodeIgniter\CodeIgniter->tryToRouteIt()
 4 SYSTEMPATH/CodeIgniter.php(354): CodeIgniter\CodeIgniter->handleRequest()
 5 SYSTEMPATH/Boot.php(334): CodeIgniter\CodeIgniter->run()
 6 SYSTEMPATH/Boot.php(67): CodeIgniter\Boot::runCodeIgniter()
 7 FCPATH/index.php(56): CodeIgniter\Boot::bootWeb()
CRITICAL - 2025-06-04 10:21:59 --> CodeIgniter\HTTP\Exceptions\BadRequestException: The URI you submitted has disallowed characters: "..À¯..À¯..À¯..À¯..À¯..À¯var"
[Method: GET, Route: ..%C0%AF..%C0%AF..%C0%AF..%C0%AF..%C0%AF..%C0%AFvar/log/nginx/access.log]
in SYSTEMPATH/Router/Router.php on line 739.
 1 SYSTEMPATH/Router/Router.php(207): CodeIgniter\Router\Router->checkDisallowedChars()
 2 SYSTEMPATH/CodeIgniter.php(832): CodeIgniter\Router\Router->handle()
 3 SYSTEMPATH/CodeIgniter.php(455): CodeIgniter\CodeIgniter->tryToRouteIt()
 4 SYSTEMPATH/CodeIgniter.php(354): CodeIgniter\CodeIgniter->handleRequest()
 5 SYSTEMPATH/Boot.php(334): CodeIgniter\CodeIgniter->run()
 6 SYSTEMPATH/Boot.php(67): CodeIgniter\Boot::runCodeIgniter()
 7 FCPATH/index.php(56): CodeIgniter\Boot::bootWeb()
CRITICAL - 2025-06-04 10:21:59 --> ErrorException: Uncaught CodeIgniter\Format\Exceptions\FormatException: Failed to parse JSON string. Error: Malformed UTF-8 characters, possibly incorrectly encoded in /home/u303612745/domains/karyapilarnusantara.com/kpn/vendor/codeigniter4/framework/system/Format/JSONFormatter.php:45
Stack trace:
#0 /home/u303612745/domains/karyapilarnusantara.com/kpn/vendor/codeigniter4/framework/system/Format/JSONFormatter.php(45): CodeIgniter\Format\Exceptions\FormatException::forInvalidJSON()
#1 /home/u303612745/domains/karyapilarnusantara.com/kpn/vendor/codeigniter4/framework/system/API/ResponseTrait.php(345): CodeIgniter\Format\JSONFormatter->format()
#2 /home/u303612745/domains/karyapilarnusantara.com/kpn/vendor/codeigniter4/framework/system/API/ResponseTrait.php(103): CodeIgniter\Debug\ExceptionHandler->format()
#3 /home/u303612745/domains/karyapilarnusantara.com/kpn/vendor/codeigniter4/framework/system/Debug/ExceptionHandler.php(85): CodeIgniter\Debug\ExceptionHandler->respond()
#4 /home/u303612745/domains/karyapilarnusantara.com/kpn/vendor/codeigniter4/framework/system/Debug/Exceptions.php(162): CodeIgniter\Debug\ExceptionHandler->handle()
#5 [internal function]: CodeIgniter\Debug\Exceptions->exceptionHandler()
#6 {main}
  thrown
ã€Previous Exceptionã€‘
CodeIgniter\HTTP\Exceptions\BadRequestException
The URI you submitted has disallowed characters: "..À¯..À¯..À¯..À¯..À¯..À¯var"
#0 /home/u303612745/domains/karyapilarnusantara.com/kpn/vendor/codeigniter4/framework/system/Router/Router.php(207): CodeIgniter\Router\Router->checkDisallowedChars()
#1 /home/u303612745/domains/karyapilarnusantara.com/kpn/vendor/codeigniter4/framework/system/CodeIgniter.php(832): CodeIgniter\Router\Router->handle()
#2 /home/u303612745/domains/karyapilarnusantara.com/kpn/vendor/codeigniter4/framework/system/CodeIgniter.php(455): CodeIgniter\CodeIgniter->tryToRouteIt()
#3 /home/u303612745/domains/karyapilarnusantara.com/kpn/vendor/codeigniter4/framework/system/CodeIgniter.php(354): CodeIgniter\CodeIgniter->handleRequest()
#4 /home/u303612745/domains/karyapilarnusantara.com/kpn/vendor/codeigniter4/framework/system/Boot.php(334): CodeIgniter\CodeIgniter->run()
#5 /home/u303612745/domains/karyapilarnusantara.com/kpn/vendor/codeigniter4/framework/system/Boot.php(67): CodeIgniter\Boot::runCodeIgniter()
#6 /home/u303612745/domains/karyapilarnusantara.com/public_html/index.php(56): CodeIgniter\Boot::bootWeb()
#7 {main}
[Method: GET, Route: ..%C0%AF..%C0%AF..%C0%AF..%C0%AF..%C0%AF..%C0%AFvar/log/nginx/access.log]
in SYSTEMPATH/Format/JSONFormatter.php on line 45.
 1 [internal function]: CodeIgniter\Debug\Exceptions->shutdownHandler()
CRITICAL - 2025-06-04 10:22:00 --> CodeIgniter\HTTP\Exceptions\BadRequestException: The URI you submitted has disallowed characters: "..à€¯..à€¯..à€¯..à€¯..à€¯..à€¯var"
[Method: GET, Route: ..%E0%80%AF..%E0%80%AF..%E0%80%AF..%E0%80%AF..%E0%80%AF..%E0%80%AFvar/log/nginx/access.log]
in SYSTEMPATH/Router/Router.php on line 739.
 1 SYSTEMPATH/Router/Router.php(207): CodeIgniter\Router\Router->checkDisallowedChars()
 2 SYSTEMPATH/CodeIgniter.php(832): CodeIgniter\Router\Router->handle()
 3 SYSTEMPATH/CodeIgniter.php(455): CodeIgniter\CodeIgniter->tryToRouteIt()
 4 SYSTEMPATH/CodeIgniter.php(354): CodeIgniter\CodeIgniter->handleRequest()
 5 SYSTEMPATH/Boot.php(334): CodeIgniter\CodeIgniter->run()
 6 SYSTEMPATH/Boot.php(67): CodeIgniter\Boot::runCodeIgniter()
 7 FCPATH/index.php(56): CodeIgniter\Boot::bootWeb()
CRITICAL - 2025-06-04 10:22:00 --> ErrorException: Uncaught CodeIgniter\Format\Exceptions\FormatException: Failed to parse JSON string. Error: Malformed UTF-8 characters, possibly incorrectly encoded in /home/u303612745/domains/karyapilarnusantara.com/kpn/vendor/codeigniter4/framework/system/Format/JSONFormatter.php:45
Stack trace:
#0 /home/u303612745/domains/karyapilarnusantara.com/kpn/vendor/codeigniter4/framework/system/Format/JSONFormatter.php(45): CodeIgniter\Format\Exceptions\FormatException::forInvalidJSON()
#1 /home/u303612745/domains/karyapilarnusantara.com/kpn/vendor/codeigniter4/framework/system/API/ResponseTrait.php(345): CodeIgniter\Format\JSONFormatter->format()
#2 /home/u303612745/domains/karyapilarnusantara.com/kpn/vendor/codeigniter4/framework/system/API/ResponseTrait.php(103): CodeIgniter\Debug\ExceptionHandler->format()
#3 /home/u303612745/domains/karyapilarnusantara.com/kpn/vendor/codeigniter4/framework/system/Debug/ExceptionHandler.php(85): CodeIgniter\Debug\ExceptionHandler->respond()
#4 /home/u303612745/domains/karyapilarnusantara.com/kpn/vendor/codeigniter4/framework/system/Debug/Exceptions.php(162): CodeIgniter\Debug\ExceptionHandler->handle()
#5 [internal function]: CodeIgniter\Debug\Exceptions->exceptionHandler()
#6 {main}
  thrown
ã€Previous Exceptionã€‘
CodeIgniter\HTTP\Exceptions\BadRequestException
The URI you submitted has disallowed characters: "..à€¯..à€¯..à€¯..à€¯..à€¯..à€¯var"
#0 /home/u303612745/domains/karyapilarnusantara.com/kpn/vendor/codeigniter4/framework/system/Router/Router.php(207): CodeIgniter\Router\Router->checkDisallowedChars()
#1 /home/u303612745/domains/karyapilarnusantara.com/kpn/vendor/codeigniter4/framework/system/CodeIgniter.php(832): CodeIgniter\Router\Router->handle()
#2 /home/u303612745/domains/karyapilarnusantara.com/kpn/vendor/codeigniter4/framework/system/CodeIgniter.php(455): CodeIgniter\CodeIgniter->tryToRouteIt()
#3 /home/u303612745/domains/karyapilarnusantara.com/kpn/vendor/codeigniter4/framework/system/CodeIgniter.php(354): CodeIgniter\CodeIgniter->handleRequest()
#4 /home/u303612745/domains/karyapilarnusantara.com/kpn/vendor/codeigniter4/framework/system/Boot.php(334): CodeIgniter\CodeIgniter->run()
#5 /home/u303612745/domains/karyapilarnusantara.com/kpn/vendor/codeigniter4/framework/system/Boot.php(67): CodeIgniter\Boot::runCodeIgniter()
#6 /home/u303612745/domains/karyapilarnusantara.com/public_html/index.php(56): CodeIgniter\Boot::bootWeb()
#7 {main}
[Method: GET, Route: ..%E0%80%AF..%E0%80%AF..%E0%80%AF..%E0%80%AF..%E0%80%AF..%E0%80%AFvar/log/nginx/access.log]
in SYSTEMPATH/Format/JSONFormatter.php on line 45.
 1 [internal function]: CodeIgniter\Debug\Exceptions->shutdownHandler()
CRITICAL - 2025-06-04 10:22:00 --> CodeIgniter\HTTP\Exceptions\BadRequestException: The URI you submitted has disallowed characters: "..\..\..\..\..\..\var"
[Method: GET, Route: ..%5C..%5C..%5C..%5C..%5C..%5Cvar/log/nginx/access.log]
in SYSTEMPATH/Router/Router.php on line 739.
 1 SYSTEMPATH/Router/Router.php(207): CodeIgniter\Router\Router->checkDisallowedChars()
 2 SYSTEMPATH/CodeIgniter.php(832): CodeIgniter\Router\Router->handle()
 3 SYSTEMPATH/CodeIgniter.php(455): CodeIgniter\CodeIgniter->tryToRouteIt()
 4 SYSTEMPATH/CodeIgniter.php(354): CodeIgniter\CodeIgniter->handleRequest()
 5 SYSTEMPATH/Boot.php(334): CodeIgniter\CodeIgniter->run()
 6 SYSTEMPATH/Boot.php(67): CodeIgniter\Boot::runCodeIgniter()
 7 FCPATH/index.php(56): CodeIgniter\Boot::bootWeb()
CRITICAL - 2025-06-04 10:22:01 --> CodeIgniter\HTTP\Exceptions\BadRequestException: The URI you submitted has disallowed characters: "..\..\..\..\..\..\var"
[Method: GET, Route: ..%5C..%5C..%5C..%5C..%5C..%5Cvar/log/nginx/access.log]
in SYSTEMPATH/Router/Router.php on line 739.
 1 SYSTEMPATH/Router/Router.php(207): CodeIgniter\Router\Router->checkDisallowedChars()
 2 SYSTEMPATH/CodeIgniter.php(832): CodeIgniter\Router\Router->handle()
 3 SYSTEMPATH/CodeIgniter.php(455): CodeIgniter\CodeIgniter->tryToRouteIt()
 4 SYSTEMPATH/CodeIgniter.php(354): CodeIgniter\CodeIgniter->handleRequest()
 5 SYSTEMPATH/Boot.php(334): CodeIgniter\CodeIgniter->run()
 6 SYSTEMPATH/Boot.php(67): CodeIgniter\Boot::runCodeIgniter()
 7 FCPATH/index.php(56): CodeIgniter\Boot::bootWeb()
CRITICAL - 2025-06-04 10:22:01 --> CodeIgniter\HTTP\Exceptions\BadRequestException: The URI you submitted has disallowed characters: "..\..\..\..\..\..\var"
[Method: GET, Route: ..%5c..%5c..%5c..%5c..%5c..%5cvar/log/nginx/access.log]
in SYSTEMPATH/Router/Router.php on line 739.
 1 SYSTEMPATH/Router/Router.php(207): CodeIgniter\Router\Router->checkDisallowedChars()
 2 SYSTEMPATH/CodeIgniter.php(832): CodeIgniter\Router\Router->handle()
 3 SYSTEMPATH/CodeIgniter.php(455): CodeIgniter\CodeIgniter->tryToRouteIt()
 4 SYSTEMPATH/CodeIgniter.php(354): CodeIgniter\CodeIgniter->handleRequest()
 5 SYSTEMPATH/Boot.php(334): CodeIgniter\CodeIgniter->run()
 6 SYSTEMPATH/Boot.php(67): CodeIgniter\Boot::runCodeIgniter()
 7 FCPATH/index.php(56): CodeIgniter\Boot::bootWeb()
CRITICAL - 2025-06-04 10:22:04 --> CodeIgniter\HTTP\Exceptions\BadRequestException: The URI you submitted has disallowed characters: "..À¯..À¯..À¯..À¯..À¯..À¯var"
[Method: GET, Route: ..%C0%AF..%C0%AF..%C0%AF..%C0%AF..%C0%AF..%C0%AFvar/log/apache2/access.log]
in SYSTEMPATH/Router/Router.php on line 739.
 1 SYSTEMPATH/Router/Router.php(207): CodeIgniter\Router\Router->checkDisallowedChars()
 2 SYSTEMPATH/CodeIgniter.php(832): CodeIgniter\Router\Router->handle()
 3 SYSTEMPATH/CodeIgniter.php(455): CodeIgniter\CodeIgniter->tryToRouteIt()
 4 SYSTEMPATH/CodeIgniter.php(354): CodeIgniter\CodeIgniter->handleRequest()
 5 SYSTEMPATH/Boot.php(334): CodeIgniter\CodeIgniter->run()
 6 SYSTEMPATH/Boot.php(67): CodeIgniter\Boot::runCodeIgniter()
 7 FCPATH/index.php(56): CodeIgniter\Boot::bootWeb()
CRITICAL - 2025-06-04 10:22:04 --> ErrorException: Uncaught CodeIgniter\Format\Exceptions\FormatException: Failed to parse JSON string. Error: Malformed UTF-8 characters, possibly incorrectly encoded in /home/u303612745/domains/karyapilarnusantara.com/kpn/vendor/codeigniter4/framework/system/Format/JSONFormatter.php:45
Stack trace:
#0 /home/u303612745/domains/karyapilarnusantara.com/kpn/vendor/codeigniter4/framework/system/Format/JSONFormatter.php(45): CodeIgniter\Format\Exceptions\FormatException::forInvalidJSON()
#1 /home/u303612745/domains/karyapilarnusantara.com/kpn/vendor/codeigniter4/framework/system/API/ResponseTrait.php(345): CodeIgniter\Format\JSONFormatter->format()
#2 /home/u303612745/domains/karyapilarnusantara.com/kpn/vendor/codeigniter4/framework/system/API/ResponseTrait.php(103): CodeIgniter\Debug\ExceptionHandler->format()
#3 /home/u303612745/domains/karyapilarnusantara.com/kpn/vendor/codeigniter4/framework/system/Debug/ExceptionHandler.php(85): CodeIgniter\Debug\ExceptionHandler->respond()
#4 /home/u303612745/domains/karyapilarnusantara.com/kpn/vendor/codeigniter4/framework/system/Debug/Exceptions.php(162): CodeIgniter\Debug\ExceptionHandler->handle()
#5 [internal function]: CodeIgniter\Debug\Exceptions->exceptionHandler()
#6 {main}
  thrown
ã€Previous Exceptionã€‘
CodeIgniter\HTTP\Exceptions\BadRequestException
The URI you submitted has disallowed characters: "..À¯..À¯..À¯..À¯..À¯..À¯var"
#0 /home/u303612745/domains/karyapilarnusantara.com/kpn/vendor/codeigniter4/framework/system/Router/Router.php(207): CodeIgniter\Router\Router->checkDisallowedChars()
#1 /home/u303612745/domains/karyapilarnusantara.com/kpn/vendor/codeigniter4/framework/system/CodeIgniter.php(832): CodeIgniter\Router\Router->handle()
#2 /home/u303612745/domains/karyapilarnusantara.com/kpn/vendor/codeigniter4/framework/system/CodeIgniter.php(455): CodeIgniter\CodeIgniter->tryToRouteIt()
#3 /home/u303612745/domains/karyapilarnusantara.com/kpn/vendor/codeigniter4/framework/system/CodeIgniter.php(354): CodeIgniter\CodeIgniter->handleRequest()
#4 /home/u303612745/domains/karyapilarnusantara.com/kpn/vendor/codeigniter4/framework/system/Boot.php(334): CodeIgniter\CodeIgniter->run()
#5 /home/u303612745/domains/karyapilarnusantara.com/kpn/vendor/codeigniter4/framework/system/Boot.php(67): CodeIgniter\Boot::runCodeIgniter()
#6 /home/u303612745/domains/karyapilarnusantara.com/public_html/index.php(56): CodeIgniter\Boot::bootWeb()
#7 {main}
[Method: GET, Route: ..%C0%AF..%C0%AF..%C0%AF..%C0%AF..%C0%AF..%C0%AFvar/log/apache2/access.log]
in SYSTEMPATH/Format/JSONFormatter.php on line 45.
 1 [internal function]: CodeIgniter\Debug\Exceptions->shutdownHandler()
CRITICAL - 2025-06-04 10:22:05 --> CodeIgniter\HTTP\Exceptions\BadRequestException: The URI you submitted has disallowed characters: "..à€¯..à€¯..à€¯..à€¯..à€¯..à€¯var"
[Method: GET, Route: ..%E0%80%AF..%E0%80%AF..%E0%80%AF..%E0%80%AF..%E0%80%AF..%E0%80%AFvar/log/apache2/access.log]
in SYSTEMPATH/Router/Router.php on line 739.
 1 SYSTEMPATH/Router/Router.php(207): CodeIgniter\Router\Router->checkDisallowedChars()
 2 SYSTEMPATH/CodeIgniter.php(832): CodeIgniter\Router\Router->handle()
 3 SYSTEMPATH/CodeIgniter.php(455): CodeIgniter\CodeIgniter->tryToRouteIt()
 4 SYSTEMPATH/CodeIgniter.php(354): CodeIgniter\CodeIgniter->handleRequest()
 5 SYSTEMPATH/Boot.php(334): CodeIgniter\CodeIgniter->run()
 6 SYSTEMPATH/Boot.php(67): CodeIgniter\Boot::runCodeIgniter()
 7 FCPATH/index.php(56): CodeIgniter\Boot::bootWeb()
CRITICAL - 2025-06-04 10:22:05 --> ErrorException: Uncaught CodeIgniter\Format\Exceptions\FormatException: Failed to parse JSON string. Error: Malformed UTF-8 characters, possibly incorrectly encoded in /home/u303612745/domains/karyapilarnusantara.com/kpn/vendor/codeigniter4/framework/system/Format/JSONFormatter.php:45
Stack trace:
#0 /home/u303612745/domains/karyapilarnusantara.com/kpn/vendor/codeigniter4/framework/system/Format/JSONFormatter.php(45): CodeIgniter\Format\Exceptions\FormatException::forInvalidJSON()
#1 /home/u303612745/domains/karyapilarnusantara.com/kpn/vendor/codeigniter4/framework/system/API/ResponseTrait.php(345): CodeIgniter\Format\JSONFormatter->format()
#2 /home/u303612745/domains/karyapilarnusantara.com/kpn/vendor/codeigniter4/framework/system/API/ResponseTrait.php(103): CodeIgniter\Debug\ExceptionHandler->format()
#3 /home/u303612745/domains/karyapilarnusantara.com/kpn/vendor/codeigniter4/framework/system/Debug/ExceptionHandler.php(85): CodeIgniter\Debug\ExceptionHandler->respond()
#4 /home/u303612745/domains/karyapilarnusantara.com/kpn/vendor/codeigniter4/framework/system/Debug/Exceptions.php(162): CodeIgniter\Debug\ExceptionHandler->handle()
#5 [internal function]: CodeIgniter\Debug\Exceptions->exceptionHandler()
#6 {main}
  thrown
ã€Previous Exceptionã€‘
CodeIgniter\HTTP\Exceptions\BadRequestException
The URI you submitted has disallowed characters: "..à€¯..à€¯..à€¯..à€¯..à€¯..à€¯var"
#0 /home/u303612745/domains/karyapilarnusantara.com/kpn/vendor/codeigniter4/framework/system/Router/Router.php(207): CodeIgniter\Router\Router->checkDisallowedChars()
#1 /home/u303612745/domains/karyapilarnusantara.com/kpn/vendor/codeigniter4/framework/system/CodeIgniter.php(832): CodeIgniter\Router\Router->handle()
#2 /home/u303612745/domains/karyapilarnusantara.com/kpn/vendor/codeigniter4/framework/system/CodeIgniter.php(455): CodeIgniter\CodeIgniter->tryToRouteIt()
#3 /home/u303612745/domains/karyapilarnusantara.com/kpn/vendor/codeigniter4/framework/system/CodeIgniter.php(354): CodeIgniter\CodeIgniter->handleRequest()
#4 /home/u303612745/domains/karyapilarnusantara.com/kpn/vendor/codeigniter4/framework/system/Boot.php(334): CodeIgniter\CodeIgniter->run()
#5 /home/u303612745/domains/karyapilarnusantara.com/kpn/vendor/codeigniter4/framework/system/Boot.php(67): CodeIgniter\Boot::runCodeIgniter()
#6 /home/u303612745/domains/karyapilarnusantara.com/public_html/index.php(56): CodeIgniter\Boot::bootWeb()
#7 {main}
[Method: GET, Route: ..%E0%80%AF..%E0%80%AF..%E0%80%AF..%E0%80%AF..%E0%80%AF..%E0%80%AFvar/log/apache2/access.log]
in SYSTEMPATH/Format/JSONFormatter.php on line 45.
 1 [internal function]: CodeIgniter\Debug\Exceptions->shutdownHandler()
CRITICAL - 2025-06-04 10:22:06 --> CodeIgniter\HTTP\Exceptions\BadRequestException: The URI you submitted has disallowed characters: "..\..\..\..\..\..\var"
[Method: GET, Route: ..%5C..%5C..%5C..%5C..%5C..%5Cvar/log/apache2/access.log]
in SYSTEMPATH/Router/Router.php on line 739.
 1 SYSTEMPATH/Router/Router.php(207): CodeIgniter\Router\Router->checkDisallowedChars()
 2 SYSTEMPATH/CodeIgniter.php(832): CodeIgniter\Router\Router->handle()
 3 SYSTEMPATH/CodeIgniter.php(455): CodeIgniter\CodeIgniter->tryToRouteIt()
 4 SYSTEMPATH/CodeIgniter.php(354): CodeIgniter\CodeIgniter->handleRequest()
 5 SYSTEMPATH/Boot.php(334): CodeIgniter\CodeIgniter->run()
 6 SYSTEMPATH/Boot.php(67): CodeIgniter\Boot::runCodeIgniter()
 7 FCPATH/index.php(56): CodeIgniter\Boot::bootWeb()
CRITICAL - 2025-06-04 10:22:06 --> CodeIgniter\HTTP\Exceptions\BadRequestException: The URI you submitted has disallowed characters: "..\..\..\..\..\..\var"
[Method: GET, Route: ..%5C..%5C..%5C..%5C..%5C..%5Cvar/log/apache2/access.log]
in SYSTEMPATH/Router/Router.php on line 739.
 1 SYSTEMPATH/Router/Router.php(207): CodeIgniter\Router\Router->checkDisallowedChars()
 2 SYSTEMPATH/CodeIgniter.php(832): CodeIgniter\Router\Router->handle()
 3 SYSTEMPATH/CodeIgniter.php(455): CodeIgniter\CodeIgniter->tryToRouteIt()
 4 SYSTEMPATH/CodeIgniter.php(354): CodeIgniter\CodeIgniter->handleRequest()
 5 SYSTEMPATH/Boot.php(334): CodeIgniter\CodeIgniter->run()
 6 SYSTEMPATH/Boot.php(67): CodeIgniter\Boot::runCodeIgniter()
 7 FCPATH/index.php(56): CodeIgniter\Boot::bootWeb()
CRITICAL - 2025-06-04 10:22:07 --> CodeIgniter\HTTP\Exceptions\BadRequestException: The URI you submitted has disallowed characters: "..\..\..\..\..\..\var"
[Method: GET, Route: ..%5c..%5c..%5c..%5c..%5c..%5cvar/log/apache2/access.log]
in SYSTEMPATH/Router/Router.php on line 739.
 1 SYSTEMPATH/Router/Router.php(207): CodeIgniter\Router\Router->checkDisallowedChars()
 2 SYSTEMPATH/CodeIgniter.php(832): CodeIgniter\Router\Router->handle()
 3 SYSTEMPATH/CodeIgniter.php(455): CodeIgniter\CodeIgniter->tryToRouteIt()
 4 SYSTEMPATH/CodeIgniter.php(354): CodeIgniter\CodeIgniter->handleRequest()
 5 SYSTEMPATH/Boot.php(334): CodeIgniter\CodeIgniter->run()
 6 SYSTEMPATH/Boot.php(67): CodeIgniter\Boot::runCodeIgniter()
 7 FCPATH/index.php(56): CodeIgniter\Boot::bootWeb()
CRITICAL - 2025-06-04 10:22:10 --> CodeIgniter\HTTP\Exceptions\BadRequestException: The URI you submitted has disallowed characters: "..À¯..À¯..À¯..À¯..À¯..À¯root"
[Method: GET, Route: ..%C0%AF..%C0%AF..%C0%AF..%C0%AF..%C0%AF..%C0%AFroot/.bash_history]
in SYSTEMPATH/Router/Router.php on line 739.
 1 SYSTEMPATH/Router/Router.php(207): CodeIgniter\Router\Router->checkDisallowedChars()
 2 SYSTEMPATH/CodeIgniter.php(832): CodeIgniter\Router\Router->handle()
 3 SYSTEMPATH/CodeIgniter.php(455): CodeIgniter\CodeIgniter->tryToRouteIt()
 4 SYSTEMPATH/CodeIgniter.php(354): CodeIgniter\CodeIgniter->handleRequest()
 5 SYSTEMPATH/Boot.php(334): CodeIgniter\CodeIgniter->run()
 6 SYSTEMPATH/Boot.php(67): CodeIgniter\Boot::runCodeIgniter()
 7 FCPATH/index.php(56): CodeIgniter\Boot::bootWeb()
CRITICAL - 2025-06-04 10:22:10 --> ErrorException: Uncaught CodeIgniter\Format\Exceptions\FormatException: Failed to parse JSON string. Error: Malformed UTF-8 characters, possibly incorrectly encoded in /home/u303612745/domains/karyapilarnusantara.com/kpn/vendor/codeigniter4/framework/system/Format/JSONFormatter.php:45
Stack trace:
#0 /home/u303612745/domains/karyapilarnusantara.com/kpn/vendor/codeigniter4/framework/system/Format/JSONFormatter.php(45): CodeIgniter\Format\Exceptions\FormatException::forInvalidJSON()
#1 /home/u303612745/domains/karyapilarnusantara.com/kpn/vendor/codeigniter4/framework/system/API/ResponseTrait.php(345): CodeIgniter\Format\JSONFormatter->format()
#2 /home/u303612745/domains/karyapilarnusantara.com/kpn/vendor/codeigniter4/framework/system/API/ResponseTrait.php(103): CodeIgniter\Debug\ExceptionHandler->format()
#3 /home/u303612745/domains/karyapilarnusantara.com/kpn/vendor/codeigniter4/framework/system/Debug/ExceptionHandler.php(85): CodeIgniter\Debug\ExceptionHandler->respond()
#4 /home/u303612745/domains/karyapilarnusantara.com/kpn/vendor/codeigniter4/framework/system/Debug/Exceptions.php(162): CodeIgniter\Debug\ExceptionHandler->handle()
#5 [internal function]: CodeIgniter\Debug\Exceptions->exceptionHandler()
#6 {main}
  thrown
ã€Previous Exceptionã€‘
CodeIgniter\HTTP\Exceptions\BadRequestException
The URI you submitted has disallowed characters: "..À¯..À¯..À¯..À¯..À¯..À¯root"
#0 /home/u303612745/domains/karyapilarnusantara.com/kpn/vendor/codeigniter4/framework/system/Router/Router.php(207): CodeIgniter\Router\Router->checkDisallowedChars()
#1 /home/u303612745/domains/karyapilarnusantara.com/kpn/vendor/codeigniter4/framework/system/CodeIgniter.php(832): CodeIgniter\Router\Router->handle()
#2 /home/u303612745/domains/karyapilarnusantara.com/kpn/vendor/codeigniter4/framework/system/CodeIgniter.php(455): CodeIgniter\CodeIgniter->tryToRouteIt()
#3 /home/u303612745/domains/karyapilarnusantara.com/kpn/vendor/codeigniter4/framework/system/CodeIgniter.php(354): CodeIgniter\CodeIgniter->handleRequest()
#4 /home/u303612745/domains/karyapilarnusantara.com/kpn/vendor/codeigniter4/framework/system/Boot.php(334): CodeIgniter\CodeIgniter->run()
#5 /home/u303612745/domains/karyapilarnusantara.com/kpn/vendor/codeigniter4/framework/system/Boot.php(67): CodeIgniter\Boot::runCodeIgniter()
#6 /home/u303612745/domains/karyapilarnusantara.com/public_html/index.php(56): CodeIgniter\Boot::bootWeb()
#7 {main}
[Method: GET, Route: ..%C0%AF..%C0%AF..%C0%AF..%C0%AF..%C0%AF..%C0%AFroot/.bash_history]
in SYSTEMPATH/Format/JSONFormatter.php on line 45.
 1 [internal function]: CodeIgniter\Debug\Exceptions->shutdownHandler()
CRITICAL - 2025-06-04 10:22:11 --> CodeIgniter\HTTP\Exceptions\BadRequestException: The URI you submitted has disallowed characters: "..à€¯..à€¯..à€¯..à€¯..à€¯..à€¯root"
[Method: GET, Route: ..%E0%80%AF..%E0%80%AF..%E0%80%AF..%E0%80%AF..%E0%80%AF..%E0%80%AFroot/.bash_history]
in SYSTEMPATH/Router/Router.php on line 739.
 1 SYSTEMPATH/Router/Router.php(207): CodeIgniter\Router\Router->checkDisallowedChars()
 2 SYSTEMPATH/CodeIgniter.php(832): CodeIgniter\Router\Router->handle()
 3 SYSTEMPATH/CodeIgniter.php(455): CodeIgniter\CodeIgniter->tryToRouteIt()
 4 SYSTEMPATH/CodeIgniter.php(354): CodeIgniter\CodeIgniter->handleRequest()
 5 SYSTEMPATH/Boot.php(334): CodeIgniter\CodeIgniter->run()
 6 SYSTEMPATH/Boot.php(67): CodeIgniter\Boot::runCodeIgniter()
 7 FCPATH/index.php(56): CodeIgniter\Boot::bootWeb()
CRITICAL - 2025-06-04 10:22:11 --> ErrorException: Uncaught CodeIgniter\Format\Exceptions\FormatException: Failed to parse JSON string. Error: Malformed UTF-8 characters, possibly incorrectly encoded in /home/u303612745/domains/karyapilarnusantara.com/kpn/vendor/codeigniter4/framework/system/Format/JSONFormatter.php:45
Stack trace:
#0 /home/u303612745/domains/karyapilarnusantara.com/kpn/vendor/codeigniter4/framework/system/Format/JSONFormatter.php(45): CodeIgniter\Format\Exceptions\FormatException::forInvalidJSON()
#1 /home/u303612745/domains/karyapilarnusantara.com/kpn/vendor/codeigniter4/framework/system/API/ResponseTrait.php(345): CodeIgniter\Format\JSONFormatter->format()
#2 /home/u303612745/domains/karyapilarnusantara.com/kpn/vendor/codeigniter4/framework/system/API/ResponseTrait.php(103): CodeIgniter\Debug\ExceptionHandler->format()
#3 /home/u303612745/domains/karyapilarnusantara.com/kpn/vendor/codeigniter4/framework/system/Debug/ExceptionHandler.php(85): CodeIgniter\Debug\ExceptionHandler->respond()
#4 /home/u303612745/domains/karyapilarnusantara.com/kpn/vendor/codeigniter4/framework/system/Debug/Exceptions.php(162): CodeIgniter\Debug\ExceptionHandler->handle()
#5 [internal function]: CodeIgniter\Debug\Exceptions->exceptionHandler()
#6 {main}
  thrown
ã€Previous Exceptionã€‘
CodeIgniter\HTTP\Exceptions\BadRequestException
The URI you submitted has disallowed characters: "..à€¯..à€¯..à€¯..à€¯..à€¯..à€¯root"
#0 /home/u303612745/domains/karyapilarnusantara.com/kpn/vendor/codeigniter4/framework/system/Router/Router.php(207): CodeIgniter\Router\Router->checkDisallowedChars()
#1 /home/u303612745/domains/karyapilarnusantara.com/kpn/vendor/codeigniter4/framework/system/CodeIgniter.php(832): CodeIgniter\Router\Router->handle()
#2 /home/u303612745/domains/karyapilarnusantara.com/kpn/vendor/codeigniter4/framework/system/CodeIgniter.php(455): CodeIgniter\CodeIgniter->tryToRouteIt()
#3 /home/u303612745/domains/karyapilarnusantara.com/kpn/vendor/codeigniter4/framework/system/CodeIgniter.php(354): CodeIgniter\CodeIgniter->handleRequest()
#4 /home/u303612745/domains/karyapilarnusantara.com/kpn/vendor/codeigniter4/framework/system/Boot.php(334): CodeIgniter\CodeIgniter->run()
#5 /home/u303612745/domains/karyapilarnusantara.com/kpn/vendor/codeigniter4/framework/system/Boot.php(67): CodeIgniter\Boot::runCodeIgniter()
#6 /home/u303612745/domains/karyapilarnusantara.com/public_html/index.php(56): CodeIgniter\Boot::bootWeb()
#7 {main}
[Method: GET, Route: ..%E0%80%AF..%E0%80%AF..%E0%80%AF..%E0%80%AF..%E0%80%AF..%E0%80%AFroot/.bash_history]
in SYSTEMPATH/Format/JSONFormatter.php on line 45.
 1 [internal function]: CodeIgniter\Debug\Exceptions->shutdownHandler()
CRITICAL - 2025-06-04 10:22:11 --> CodeIgniter\HTTP\Exceptions\BadRequestException: The URI you submitted has disallowed characters: "..\..\..\..\..\..\root"
[Method: GET, Route: ..%5C..%5C..%5C..%5C..%5C..%5Croot/.bash_history]
in SYSTEMPATH/Router/Router.php on line 739.
 1 SYSTEMPATH/Router/Router.php(207): CodeIgniter\Router\Router->checkDisallowedChars()
 2 SYSTEMPATH/CodeIgniter.php(832): CodeIgniter\Router\Router->handle()
 3 SYSTEMPATH/CodeIgniter.php(455): CodeIgniter\CodeIgniter->tryToRouteIt()
 4 SYSTEMPATH/CodeIgniter.php(354): CodeIgniter\CodeIgniter->handleRequest()
 5 SYSTEMPATH/Boot.php(334): CodeIgniter\CodeIgniter->run()
 6 SYSTEMPATH/Boot.php(67): CodeIgniter\Boot::runCodeIgniter()
 7 FCPATH/index.php(56): CodeIgniter\Boot::bootWeb()
CRITICAL - 2025-06-04 10:22:12 --> CodeIgniter\HTTP\Exceptions\BadRequestException: The URI you submitted has disallowed characters: "..\..\..\..\..\..\root"
[Method: GET, Route: ..%5C..%5C..%5C..%5C..%5C..%5Croot/.bash_history]
in SYSTEMPATH/Router/Router.php on line 739.
 1 SYSTEMPATH/Router/Router.php(207): CodeIgniter\Router\Router->checkDisallowedChars()
 2 SYSTEMPATH/CodeIgniter.php(832): CodeIgniter\Router\Router->handle()
 3 SYSTEMPATH/CodeIgniter.php(455): CodeIgniter\CodeIgniter->tryToRouteIt()
 4 SYSTEMPATH/CodeIgniter.php(354): CodeIgniter\CodeIgniter->handleRequest()
 5 SYSTEMPATH/Boot.php(334): CodeIgniter\CodeIgniter->run()
 6 SYSTEMPATH/Boot.php(67): CodeIgniter\Boot::runCodeIgniter()
 7 FCPATH/index.php(56): CodeIgniter\Boot::bootWeb()
CRITICAL - 2025-06-04 10:22:13 --> CodeIgniter\HTTP\Exceptions\BadRequestException: The URI you submitted has disallowed characters: "..\..\..\..\..\..\root"
[Method: GET, Route: ..%5c..%5c..%5c..%5c..%5c..%5croot/.bash_history]
in SYSTEMPATH/Router/Router.php on line 739.
 1 SYSTEMPATH/Router/Router.php(207): CodeIgniter\Router\Router->checkDisallowedChars()
 2 SYSTEMPATH/CodeIgniter.php(832): CodeIgniter\Router\Router->handle()
 3 SYSTEMPATH/CodeIgniter.php(455): CodeIgniter\CodeIgniter->tryToRouteIt()
 4 SYSTEMPATH/CodeIgniter.php(354): CodeIgniter\CodeIgniter->handleRequest()
 5 SYSTEMPATH/Boot.php(334): CodeIgniter\CodeIgniter->run()
 6 SYSTEMPATH/Boot.php(67): CodeIgniter\Boot::runCodeIgniter()
 7 FCPATH/index.php(56): CodeIgniter\Boot::bootWeb()
CRITICAL - 2025-06-04 10:22:16 --> CodeIgniter\HTTP\Exceptions\BadRequestException: The URI you submitted has disallowed characters: "..À¯..À¯..À¯..À¯..À¯..À¯proc"
[Method: GET, Route: ..%C0%AF..%C0%AF..%C0%AF..%C0%AF..%C0%AF..%C0%AFproc/self/environ]
in SYSTEMPATH/Router/Router.php on line 739.
 1 SYSTEMPATH/Router/Router.php(207): CodeIgniter\Router\Router->checkDisallowedChars()
 2 SYSTEMPATH/CodeIgniter.php(832): CodeIgniter\Router\Router->handle()
 3 SYSTEMPATH/CodeIgniter.php(455): CodeIgniter\CodeIgniter->tryToRouteIt()
 4 SYSTEMPATH/CodeIgniter.php(354): CodeIgniter\CodeIgniter->handleRequest()
 5 SYSTEMPATH/Boot.php(334): CodeIgniter\CodeIgniter->run()
 6 SYSTEMPATH/Boot.php(67): CodeIgniter\Boot::runCodeIgniter()
 7 FCPATH/index.php(56): CodeIgniter\Boot::bootWeb()
CRITICAL - 2025-06-04 10:22:16 --> ErrorException: Uncaught CodeIgniter\Format\Exceptions\FormatException: Failed to parse JSON string. Error: Malformed UTF-8 characters, possibly incorrectly encoded in /home/u303612745/domains/karyapilarnusantara.com/kpn/vendor/codeigniter4/framework/system/Format/JSONFormatter.php:45
Stack trace:
#0 /home/u303612745/domains/karyapilarnusantara.com/kpn/vendor/codeigniter4/framework/system/Format/JSONFormatter.php(45): CodeIgniter\Format\Exceptions\FormatException::forInvalidJSON()
#1 /home/u303612745/domains/karyapilarnusantara.com/kpn/vendor/codeigniter4/framework/system/API/ResponseTrait.php(345): CodeIgniter\Format\JSONFormatter->format()
#2 /home/u303612745/domains/karyapilarnusantara.com/kpn/vendor/codeigniter4/framework/system/API/ResponseTrait.php(103): CodeIgniter\Debug\ExceptionHandler->format()
#3 /home/u303612745/domains/karyapilarnusantara.com/kpn/vendor/codeigniter4/framework/system/Debug/ExceptionHandler.php(85): CodeIgniter\Debug\ExceptionHandler->respond()
#4 /home/u303612745/domains/karyapilarnusantara.com/kpn/vendor/codeigniter4/framework/system/Debug/Exceptions.php(162): CodeIgniter\Debug\ExceptionHandler->handle()
#5 [internal function]: CodeIgniter\Debug\Exceptions->exceptionHandler()
#6 {main}
  thrown
ã€Previous Exceptionã€‘
CodeIgniter\HTTP\Exceptions\BadRequestException
The URI you submitted has disallowed characters: "..À¯..À¯..À¯..À¯..À¯..À¯proc"
#0 /home/u303612745/domains/karyapilarnusantara.com/kpn/vendor/codeigniter4/framework/system/Router/Router.php(207): CodeIgniter\Router\Router->checkDisallowedChars()
#1 /home/u303612745/domains/karyapilarnusantara.com/kpn/vendor/codeigniter4/framework/system/CodeIgniter.php(832): CodeIgniter\Router\Router->handle()
#2 /home/u303612745/domains/karyapilarnusantara.com/kpn/vendor/codeigniter4/framework/system/CodeIgniter.php(455): CodeIgniter\CodeIgniter->tryToRouteIt()
#3 /home/u303612745/domains/karyapilarnusantara.com/kpn/vendor/codeigniter4/framework/system/CodeIgniter.php(354): CodeIgniter\CodeIgniter->handleRequest()
#4 /home/u303612745/domains/karyapilarnusantara.com/kpn/vendor/codeigniter4/framework/system/Boot.php(334): CodeIgniter\CodeIgniter->run()
#5 /home/u303612745/domains/karyapilarnusantara.com/kpn/vendor/codeigniter4/framework/system/Boot.php(67): CodeIgniter\Boot::runCodeIgniter()
#6 /home/u303612745/domains/karyapilarnusantara.com/public_html/index.php(56): CodeIgniter\Boot::bootWeb()
#7 {main}
[Method: GET, Route: ..%C0%AF..%C0%AF..%C0%AF..%C0%AF..%C0%AF..%C0%AFproc/self/environ]
in SYSTEMPATH/Format/JSONFormatter.php on line 45.
 1 [internal function]: CodeIgniter\Debug\Exceptions->shutdownHandler()
CRITICAL - 2025-06-04 10:22:16 --> CodeIgniter\HTTP\Exceptions\BadRequestException: The URI you submitted has disallowed characters: "..à€¯..à€¯..à€¯..à€¯..à€¯..à€¯proc"
[Method: GET, Route: ..%E0%80%AF..%E0%80%AF..%E0%80%AF..%E0%80%AF..%E0%80%AF..%E0%80%AFproc/self/environ]
in SYSTEMPATH/Router/Router.php on line 739.
 1 SYSTEMPATH/Router/Router.php(207): CodeIgniter\Router\Router->checkDisallowedChars()
 2 SYSTEMPATH/CodeIgniter.php(832): CodeIgniter\Router\Router->handle()
 3 SYSTEMPATH/CodeIgniter.php(455): CodeIgniter\CodeIgniter->tryToRouteIt()
 4 SYSTEMPATH/CodeIgniter.php(354): CodeIgniter\CodeIgniter->handleRequest()
 5 SYSTEMPATH/Boot.php(334): CodeIgniter\CodeIgniter->run()
 6 SYSTEMPATH/Boot.php(67): CodeIgniter\Boot::runCodeIgniter()
 7 FCPATH/index.php(56): CodeIgniter\Boot::bootWeb()
CRITICAL - 2025-06-04 10:22:16 --> ErrorException: Uncaught CodeIgniter\Format\Exceptions\FormatException: Failed to parse JSON string. Error: Malformed UTF-8 characters, possibly incorrectly encoded in /home/u303612745/domains/karyapilarnusantara.com/kpn/vendor/codeigniter4/framework/system/Format/JSONFormatter.php:45
Stack trace:
#0 /home/u303612745/domains/karyapilarnusantara.com/kpn/vendor/codeigniter4/framework/system/Format/JSONFormatter.php(45): CodeIgniter\Format\Exceptions\FormatException::forInvalidJSON()
#1 /home/u303612745/domains/karyapilarnusantara.com/kpn/vendor/codeigniter4/framework/system/API/ResponseTrait.php(345): CodeIgniter\Format\JSONFormatter->format()
#2 /home/u303612745/domains/karyapilarnusantara.com/kpn/vendor/codeigniter4/framework/system/API/ResponseTrait.php(103): CodeIgniter\Debug\ExceptionHandler->format()
#3 /home/u303612745/domains/karyapilarnusantara.com/kpn/vendor/codeigniter4/framework/system/Debug/ExceptionHandler.php(85): CodeIgniter\Debug\ExceptionHandler->respond()
#4 /home/u303612745/domains/karyapilarnusantara.com/kpn/vendor/codeigniter4/framework/system/Debug/Exceptions.php(162): CodeIgniter\Debug\ExceptionHandler->handle()
#5 [internal function]: CodeIgniter\Debug\Exceptions->exceptionHandler()
#6 {main}
  thrown
ã€Previous Exceptionã€‘
CodeIgniter\HTTP\Exceptions\BadRequestException
The URI you submitted has disallowed characters: "..à€¯..à€¯..à€¯..à€¯..à€¯..à€¯proc"
#0 /home/u303612745/domains/karyapilarnusantara.com/kpn/vendor/codeigniter4/framework/system/Router/Router.php(207): CodeIgniter\Router\Router->checkDisallowedChars()
#1 /home/u303612745/domains/karyapilarnusantara.com/kpn/vendor/codeigniter4/framework/system/CodeIgniter.php(832): CodeIgniter\Router\Router->handle()
#2 /home/u303612745/domains/karyapilarnusantara.com/kpn/vendor/codeigniter4/framework/system/CodeIgniter.php(455): CodeIgniter\CodeIgniter->tryToRouteIt()
#3 /home/u303612745/domains/karyapilarnusantara.com/kpn/vendor/codeigniter4/framework/system/CodeIgniter.php(354): CodeIgniter\CodeIgniter->handleRequest()
#4 /home/u303612745/domains/karyapilarnusantara.com/kpn/vendor/codeigniter4/framework/system/Boot.php(334): CodeIgniter\CodeIgniter->run()
#5 /home/u303612745/domains/karyapilarnusantara.com/kpn/vendor/codeigniter4/framework/system/Boot.php(67): CodeIgniter\Boot::runCodeIgniter()
#6 /home/u303612745/domains/karyapilarnusantara.com/public_html/index.php(56): CodeIgniter\Boot::bootWeb()
#7 {main}
[Method: GET, Route: ..%E0%80%AF..%E0%80%AF..%E0%80%AF..%E0%80%AF..%E0%80%AF..%E0%80%AFproc/self/environ]
in SYSTEMPATH/Format/JSONFormatter.php on line 45.
 1 [internal function]: CodeIgniter\Debug\Exceptions->shutdownHandler()
CRITICAL - 2025-06-04 10:22:17 --> CodeIgniter\HTTP\Exceptions\BadRequestException: The URI you submitted has disallowed characters: "..\..\..\..\..\..\proc"
[Method: GET, Route: ..%5C..%5C..%5C..%5C..%5C..%5Cproc/self/environ]
in SYSTEMPATH/Router/Router.php on line 739.
 1 SYSTEMPATH/Router/Router.php(207): CodeIgniter\Router\Router->checkDisallowedChars()
 2 SYSTEMPATH/CodeIgniter.php(832): CodeIgniter\Router\Router->handle()
 3 SYSTEMPATH/CodeIgniter.php(455): CodeIgniter\CodeIgniter->tryToRouteIt()
 4 SYSTEMPATH/CodeIgniter.php(354): CodeIgniter\CodeIgniter->handleRequest()
 5 SYSTEMPATH/Boot.php(334): CodeIgniter\CodeIgniter->run()
 6 SYSTEMPATH/Boot.php(67): CodeIgniter\Boot::runCodeIgniter()
 7 FCPATH/index.php(56): CodeIgniter\Boot::bootWeb()
CRITICAL - 2025-06-04 10:22:18 --> CodeIgniter\HTTP\Exceptions\BadRequestException: The URI you submitted has disallowed characters: "..\..\..\..\..\..\proc"
[Method: GET, Route: ..%5C..%5C..%5C..%5C..%5C..%5Cproc/self/environ]
in SYSTEMPATH/Router/Router.php on line 739.
 1 SYSTEMPATH/Router/Router.php(207): CodeIgniter\Router\Router->checkDisallowedChars()
 2 SYSTEMPATH/CodeIgniter.php(832): CodeIgniter\Router\Router->handle()
 3 SYSTEMPATH/CodeIgniter.php(455): CodeIgniter\CodeIgniter->tryToRouteIt()
 4 SYSTEMPATH/CodeIgniter.php(354): CodeIgniter\CodeIgniter->handleRequest()
 5 SYSTEMPATH/Boot.php(334): CodeIgniter\CodeIgniter->run()
 6 SYSTEMPATH/Boot.php(67): CodeIgniter\Boot::runCodeIgniter()
 7 FCPATH/index.php(56): CodeIgniter\Boot::bootWeb()
CRITICAL - 2025-06-04 10:22:18 --> CodeIgniter\HTTP\Exceptions\BadRequestException: The URI you submitted has disallowed characters: "..\..\..\..\..\..\proc"
[Method: GET, Route: ..%5c..%5c..%5c..%5c..%5c..%5cproc/self/environ]
in SYSTEMPATH/Router/Router.php on line 739.
 1 SYSTEMPATH/Router/Router.php(207): CodeIgniter\Router\Router->checkDisallowedChars()
 2 SYSTEMPATH/CodeIgniter.php(832): CodeIgniter\Router\Router->handle()
 3 SYSTEMPATH/CodeIgniter.php(455): CodeIgniter\CodeIgniter->tryToRouteIt()
 4 SYSTEMPATH/CodeIgniter.php(354): CodeIgniter\CodeIgniter->handleRequest()
 5 SYSTEMPATH/Boot.php(334): CodeIgniter\CodeIgniter->run()
 6 SYSTEMPATH/Boot.php(67): CodeIgniter\Boot::runCodeIgniter()
 7 FCPATH/index.php(56): CodeIgniter\Boot::bootWeb()
CRITICAL - 2025-06-04 10:22:19 --> CodeIgniter\HTTP\Exceptions\BadRequestException: The URI you submitted has disallowed characters: "windows\win.ini"
[Method: GET, Route: windows%5Cwin.ini]
in SYSTEMPATH/Router/Router.php on line 739.
 1 SYSTEMPATH/Router/Router.php(207): CodeIgniter\Router\Router->checkDisallowedChars()
 2 SYSTEMPATH/CodeIgniter.php(832): CodeIgniter\Router\Router->handle()
 3 SYSTEMPATH/CodeIgniter.php(455): CodeIgniter\CodeIgniter->tryToRouteIt()
 4 SYSTEMPATH/CodeIgniter.php(354): CodeIgniter\CodeIgniter->handleRequest()
 5 SYSTEMPATH/Boot.php(334): CodeIgniter\CodeIgniter->run()
 6 SYSTEMPATH/Boot.php(67): CodeIgniter\Boot::runCodeIgniter()
 7 FCPATH/index.php(56): CodeIgniter\Boot::bootWeb()
CRITICAL - 2025-06-04 10:22:19 --> CodeIgniter\HTTP\Exceptions\BadRequestException: The URI you submitted has disallowed characters: "windows\win.ini"
[Method: GET, Route: windows%5Cwin.ini]
in SYSTEMPATH/Router/Router.php on line 739.
 1 SYSTEMPATH/Router/Router.php(207): CodeIgniter\Router\Router->checkDisallowedChars()
 2 SYSTEMPATH/CodeIgniter.php(832): CodeIgniter\Router\Router->handle()
 3 SYSTEMPATH/CodeIgniter.php(455): CodeIgniter\CodeIgniter->tryToRouteIt()
 4 SYSTEMPATH/CodeIgniter.php(354): CodeIgniter\CodeIgniter->handleRequest()
 5 SYSTEMPATH/Boot.php(334): CodeIgniter\CodeIgniter->run()
 6 SYSTEMPATH/Boot.php(67): CodeIgniter\Boot::runCodeIgniter()
 7 FCPATH/index.php(56): CodeIgniter\Boot::bootWeb()
CRITICAL - 2025-06-04 10:22:20 --> CodeIgniter\HTTP\Exceptions\BadRequestException: The URI you submitted has disallowed characters: "windows\win.ini"
[Method: GET, Route: windows%5Cwin.ini]
in SYSTEMPATH/Router/Router.php on line 739.
 1 SYSTEMPATH/Router/Router.php(207): CodeIgniter\Router\Router->checkDisallowedChars()
 2 SYSTEMPATH/CodeIgniter.php(832): CodeIgniter\Router\Router->handle()
 3 SYSTEMPATH/CodeIgniter.php(455): CodeIgniter\CodeIgniter->tryToRouteIt()
 4 SYSTEMPATH/CodeIgniter.php(354): CodeIgniter\CodeIgniter->handleRequest()
 5 SYSTEMPATH/Boot.php(334): CodeIgniter\CodeIgniter->run()
 6 SYSTEMPATH/Boot.php(67): CodeIgniter\Boot::runCodeIgniter()
 7 FCPATH/index.php(56): CodeIgniter\Boot::bootWeb()
CRITICAL - 2025-06-04 10:22:21 --> CodeIgniter\HTTP\Exceptions\BadRequestException: The URI you submitted has disallowed characters: "windows\win.ini"
[Method: GET, Route: windows%5Cwin.ini]
in SYSTEMPATH/Router/Router.php on line 739.
 1 SYSTEMPATH/Router/Router.php(207): CodeIgniter\Router\Router->checkDisallowedChars()
 2 SYSTEMPATH/CodeIgniter.php(832): CodeIgniter\Router\Router->handle()
 3 SYSTEMPATH/CodeIgniter.php(455): CodeIgniter\CodeIgniter->tryToRouteIt()
 4 SYSTEMPATH/CodeIgniter.php(354): CodeIgniter\CodeIgniter->handleRequest()
 5 SYSTEMPATH/Boot.php(334): CodeIgniter\CodeIgniter->run()
 6 SYSTEMPATH/Boot.php(67): CodeIgniter\Boot::runCodeIgniter()
 7 FCPATH/index.php(56): CodeIgniter\Boot::bootWeb()
CRITICAL - 2025-06-04 10:22:22 --> CodeIgniter\HTTP\Exceptions\BadRequestException: The URI you submitted has disallowed characters: "windows\win.ini"
[Method: GET, Route: ..%2f..%2f..%2f..%2f..%2f..%2fwindows%5Cwin.ini]
in SYSTEMPATH/Router/Router.php on line 739.
 1 SYSTEMPATH/Router/Router.php(207): CodeIgniter\Router\Router->checkDisallowedChars()
 2 SYSTEMPATH/CodeIgniter.php(832): CodeIgniter\Router\Router->handle()
 3 SYSTEMPATH/CodeIgniter.php(455): CodeIgniter\CodeIgniter->tryToRouteIt()
 4 SYSTEMPATH/CodeIgniter.php(354): CodeIgniter\CodeIgniter->handleRequest()
 5 SYSTEMPATH/Boot.php(334): CodeIgniter\CodeIgniter->run()
 6 SYSTEMPATH/Boot.php(67): CodeIgniter\Boot::runCodeIgniter()
 7 FCPATH/index.php(56): CodeIgniter\Boot::bootWeb()
CRITICAL - 2025-06-04 10:22:22 --> CodeIgniter\HTTP\Exceptions\BadRequestException: The URI you submitted has disallowed characters: "..À¯..À¯..À¯..À¯..À¯..À¯windows\win.ini"
[Method: GET, Route: ..%C0%AF..%C0%AF..%C0%AF..%C0%AF..%C0%AF..%C0%AFwindows%5Cwin.ini]
in SYSTEMPATH/Router/Router.php on line 739.
 1 SYSTEMPATH/Router/Router.php(207): CodeIgniter\Router\Router->checkDisallowedChars()
 2 SYSTEMPATH/CodeIgniter.php(832): CodeIgniter\Router\Router->handle()
 3 SYSTEMPATH/CodeIgniter.php(455): CodeIgniter\CodeIgniter->tryToRouteIt()
 4 SYSTEMPATH/CodeIgniter.php(354): CodeIgniter\CodeIgniter->handleRequest()
 5 SYSTEMPATH/Boot.php(334): CodeIgniter\CodeIgniter->run()
 6 SYSTEMPATH/Boot.php(67): CodeIgniter\Boot::runCodeIgniter()
 7 FCPATH/index.php(56): CodeIgniter\Boot::bootWeb()
CRITICAL - 2025-06-04 10:22:22 --> ErrorException: Uncaught CodeIgniter\Format\Exceptions\FormatException: Failed to parse JSON string. Error: Malformed UTF-8 characters, possibly incorrectly encoded in /home/u303612745/domains/karyapilarnusantara.com/kpn/vendor/codeigniter4/framework/system/Format/JSONFormatter.php:45
Stack trace:
#0 /home/u303612745/domains/karyapilarnusantara.com/kpn/vendor/codeigniter4/framework/system/Format/JSONFormatter.php(45): CodeIgniter\Format\Exceptions\FormatException::forInvalidJSON()
#1 /home/u303612745/domains/karyapilarnusantara.com/kpn/vendor/codeigniter4/framework/system/API/ResponseTrait.php(345): CodeIgniter\Format\JSONFormatter->format()
#2 /home/u303612745/domains/karyapilarnusantara.com/kpn/vendor/codeigniter4/framework/system/API/ResponseTrait.php(103): CodeIgniter\Debug\ExceptionHandler->format()
#3 /home/u303612745/domains/karyapilarnusantara.com/kpn/vendor/codeigniter4/framework/system/Debug/ExceptionHandler.php(85): CodeIgniter\Debug\ExceptionHandler->respond()
#4 /home/u303612745/domains/karyapilarnusantara.com/kpn/vendor/codeigniter4/framework/system/Debug/Exceptions.php(162): CodeIgniter\Debug\ExceptionHandler->handle()
#5 [internal function]: CodeIgniter\Debug\Exceptions->exceptionHandler()
#6 {main}
  thrown
ã€Previous Exceptionã€‘
CodeIgniter\HTTP\Exceptions\BadRequestException
The URI you submitted has disallowed characters: "..À¯..À¯..À¯..À¯..À¯..À¯windows\win.ini"
#0 /home/u303612745/domains/karyapilarnusantara.com/kpn/vendor/codeigniter4/framework/system/Router/Router.php(207): CodeIgniter\Router\Router->checkDisallowedChars()
#1 /home/u303612745/domains/karyapilarnusantara.com/kpn/vendor/codeigniter4/framework/system/CodeIgniter.php(832): CodeIgniter\Router\Router->handle()
#2 /home/u303612745/domains/karyapilarnusantara.com/kpn/vendor/codeigniter4/framework/system/CodeIgniter.php(455): CodeIgniter\CodeIgniter->tryToRouteIt()
#3 /home/u303612745/domains/karyapilarnusantara.com/kpn/vendor/codeigniter4/framework/system/CodeIgniter.php(354): CodeIgniter\CodeIgniter->handleRequest()
#4 /home/u303612745/domains/karyapilarnusantara.com/kpn/vendor/codeigniter4/framework/system/Boot.php(334): CodeIgniter\CodeIgniter->run()
#5 /home/u303612745/domains/karyapilarnusantara.com/kpn/vendor/codeigniter4/framework/system/Boot.php(67): CodeIgniter\Boot::runCodeIgniter()
#6 /home/u303612745/domains/karyapilarnusantara.com/public_html/index.php(56): CodeIgniter\Boot::bootWeb()
#7 {main}
[Method: GET, Route: ..%C0%AF..%C0%AF..%C0%AF..%C0%AF..%C0%AF..%C0%AFwindows%5Cwin.ini]
in SYSTEMPATH/Format/JSONFormatter.php on line 45.
 1 [internal function]: CodeIgniter\Debug\Exceptions->shutdownHandler()
CRITICAL - 2025-06-04 10:22:23 --> CodeIgniter\HTTP\Exceptions\BadRequestException: The URI you submitted has disallowed characters: "..à€¯..à€¯..à€¯..à€¯..à€¯..à€¯windows\win.ini"
[Method: GET, Route: ..%E0%80%AF..%E0%80%AF..%E0%80%AF..%E0%80%AF..%E0%80%AF..%E0%80%AFwindows%5Cwin.ini]
in SYSTEMPATH/Router/Router.php on line 739.
 1 SYSTEMPATH/Router/Router.php(207): CodeIgniter\Router\Router->checkDisallowedChars()
 2 SYSTEMPATH/CodeIgniter.php(832): CodeIgniter\Router\Router->handle()
 3 SYSTEMPATH/CodeIgniter.php(455): CodeIgniter\CodeIgniter->tryToRouteIt()
 4 SYSTEMPATH/CodeIgniter.php(354): CodeIgniter\CodeIgniter->handleRequest()
 5 SYSTEMPATH/Boot.php(334): CodeIgniter\CodeIgniter->run()
 6 SYSTEMPATH/Boot.php(67): CodeIgniter\Boot::runCodeIgniter()
 7 FCPATH/index.php(56): CodeIgniter\Boot::bootWeb()
CRITICAL - 2025-06-04 10:22:23 --> ErrorException: Uncaught CodeIgniter\Format\Exceptions\FormatException: Failed to parse JSON string. Error: Malformed UTF-8 characters, possibly incorrectly encoded in /home/u303612745/domains/karyapilarnusantara.com/kpn/vendor/codeigniter4/framework/system/Format/JSONFormatter.php:45
Stack trace:
#0 /home/u303612745/domains/karyapilarnusantara.com/kpn/vendor/codeigniter4/framework/system/Format/JSONFormatter.php(45): CodeIgniter\Format\Exceptions\FormatException::forInvalidJSON()
#1 /home/u303612745/domains/karyapilarnusantara.com/kpn/vendor/codeigniter4/framework/system/API/ResponseTrait.php(345): CodeIgniter\Format\JSONFormatter->format()
#2 /home/u303612745/domains/karyapilarnusantara.com/kpn/vendor/codeigniter4/framework/system/API/ResponseTrait.php(103): CodeIgniter\Debug\ExceptionHandler->format()
#3 /home/u303612745/domains/karyapilarnusantara.com/kpn/vendor/codeigniter4/framework/system/Debug/ExceptionHandler.php(85): CodeIgniter\Debug\ExceptionHandler->respond()
#4 /home/u303612745/domains/karyapilarnusantara.com/kpn/vendor/codeigniter4/framework/system/Debug/Exceptions.php(162): CodeIgniter\Debug\ExceptionHandler->handle()
#5 [internal function]: CodeIgniter\Debug\Exceptions->exceptionHandler()
#6 {main}
  thrown
ã€Previous Exceptionã€‘
CodeIgniter\HTTP\Exceptions\BadRequestException
The URI you submitted has disallowed characters: "..à€¯..à€¯..à€¯..à€¯..à€¯..à€¯windows\win.ini"
#0 /home/u303612745/domains/karyapilarnusantara.com/kpn/vendor/codeigniter4/framework/system/Router/Router.php(207): CodeIgniter\Router\Router->checkDisallowedChars()
#1 /home/u303612745/domains/karyapilarnusantara.com/kpn/vendor/codeigniter4/framework/system/CodeIgniter.php(832): CodeIgniter\Router\Router->handle()
#2 /home/u303612745/domains/karyapilarnusantara.com/kpn/vendor/codeigniter4/framework/system/CodeIgniter.php(455): CodeIgniter\CodeIgniter->tryToRouteIt()
#3 /home/u303612745/domains/karyapilarnusantara.com/kpn/vendor/codeigniter4/framework/system/CodeIgniter.php(354): CodeIgniter\CodeIgniter->handleRequest()
#4 /home/u303612745/domains/karyapilarnusantara.com/kpn/vendor/codeigniter4/framework/system/Boot.php(334): CodeIgniter\CodeIgniter->run()
#5 /home/u303612745/domains/karyapilarnusantara.com/kpn/vendor/codeigniter4/framework/system/Boot.php(67): CodeIgniter\Boot::runCodeIgniter()
#6 /home/u303612745/domains/karyapilarnusantara.com/public_html/index.php(56): CodeIgniter\Boot::bootWeb()
#7 {main}
[Method: GET, Route: ..%E0%80%AF..%E0%80%AF..%E0%80%AF..%E0%80%AF..%E0%80%AF..%E0%80%AFwindows%5Cwin.ini]
in SYSTEMPATH/Format/JSONFormatter.php on line 45.
 1 [internal function]: CodeIgniter\Debug\Exceptions->shutdownHandler()
CRITICAL - 2025-06-04 10:22:24 --> CodeIgniter\HTTP\Exceptions\BadRequestException: The URI you submitted has disallowed characters: "..\..\..\..\..\..\windows\win.ini"
[Method: GET, Route: ..%5C..%5C..%5C..%5C..%5C..%5Cwindows%5Cwin.ini]
in SYSTEMPATH/Router/Router.php on line 739.
 1 SYSTEMPATH/Router/Router.php(207): CodeIgniter\Router\Router->checkDisallowedChars()
 2 SYSTEMPATH/CodeIgniter.php(832): CodeIgniter\Router\Router->handle()
 3 SYSTEMPATH/CodeIgniter.php(455): CodeIgniter\CodeIgniter->tryToRouteIt()
 4 SYSTEMPATH/CodeIgniter.php(354): CodeIgniter\CodeIgniter->handleRequest()
 5 SYSTEMPATH/Boot.php(334): CodeIgniter\CodeIgniter->run()
 6 SYSTEMPATH/Boot.php(67): CodeIgniter\Boot::runCodeIgniter()
 7 FCPATH/index.php(56): CodeIgniter\Boot::bootWeb()
CRITICAL - 2025-06-04 10:22:24 --> CodeIgniter\HTTP\Exceptions\BadRequestException: The URI you submitted has disallowed characters: "..\..\..\..\..\..\windows\win.ini"
[Method: GET, Route: ..%5C..%5C..%5C..%5C..%5C..%5Cwindows%5Cwin.ini]
in SYSTEMPATH/Router/Router.php on line 739.
 1 SYSTEMPATH/Router/Router.php(207): CodeIgniter\Router\Router->checkDisallowedChars()
 2 SYSTEMPATH/CodeIgniter.php(832): CodeIgniter\Router\Router->handle()
 3 SYSTEMPATH/CodeIgniter.php(455): CodeIgniter\CodeIgniter->tryToRouteIt()
 4 SYSTEMPATH/CodeIgniter.php(354): CodeIgniter\CodeIgniter->handleRequest()
 5 SYSTEMPATH/Boot.php(334): CodeIgniter\CodeIgniter->run()
 6 SYSTEMPATH/Boot.php(67): CodeIgniter\Boot::runCodeIgniter()
 7 FCPATH/index.php(56): CodeIgniter\Boot::bootWeb()
CRITICAL - 2025-06-04 10:22:25 --> CodeIgniter\HTTP\Exceptions\BadRequestException: The URI you submitted has disallowed characters: "..\..\..\..\..\..\windows\win.ini"
[Method: GET, Route: ..%5c..%5c..%5c..%5c..%5c..%5cwindows%5Cwin.ini]
in SYSTEMPATH/Router/Router.php on line 739.
 1 SYSTEMPATH/Router/Router.php(207): CodeIgniter\Router\Router->checkDisallowedChars()
 2 SYSTEMPATH/CodeIgniter.php(832): CodeIgniter\Router\Router->handle()
 3 SYSTEMPATH/CodeIgniter.php(455): CodeIgniter\CodeIgniter->tryToRouteIt()
 4 SYSTEMPATH/CodeIgniter.php(354): CodeIgniter\CodeIgniter->handleRequest()
 5 SYSTEMPATH/Boot.php(334): CodeIgniter\CodeIgniter->run()
 6 SYSTEMPATH/Boot.php(67): CodeIgniter\Boot::runCodeIgniter()
 7 FCPATH/index.php(56): CodeIgniter\Boot::bootWeb()
CRITICAL - 2025-06-04 10:22:25 --> CodeIgniter\HTTP\Exceptions\BadRequestException: The URI you submitted has disallowed characters: "windows\system32\config\SAM"
[Method: GET, Route: windows%5Csystem32%5Cconfig%5CSAM]
in SYSTEMPATH/Router/Router.php on line 739.
 1 SYSTEMPATH/Router/Router.php(207): CodeIgniter\Router\Router->checkDisallowedChars()
 2 SYSTEMPATH/CodeIgniter.php(832): CodeIgniter\Router\Router->handle()
 3 SYSTEMPATH/CodeIgniter.php(455): CodeIgniter\CodeIgniter->tryToRouteIt()
 4 SYSTEMPATH/CodeIgniter.php(354): CodeIgniter\CodeIgniter->handleRequest()
 5 SYSTEMPATH/Boot.php(334): CodeIgniter\CodeIgniter->run()
 6 SYSTEMPATH/Boot.php(67): CodeIgniter\Boot::runCodeIgniter()
 7 FCPATH/index.php(56): CodeIgniter\Boot::bootWeb()
CRITICAL - 2025-06-04 10:22:26 --> CodeIgniter\HTTP\Exceptions\BadRequestException: The URI you submitted has disallowed characters: "windows\system32\config\SAM"
[Method: GET, Route: windows%5Csystem32%5Cconfig%5CSAM]
in SYSTEMPATH/Router/Router.php on line 739.
 1 SYSTEMPATH/Router/Router.php(207): CodeIgniter\Router\Router->checkDisallowedChars()
 2 SYSTEMPATH/CodeIgniter.php(832): CodeIgniter\Router\Router->handle()
 3 SYSTEMPATH/CodeIgniter.php(455): CodeIgniter\CodeIgniter->tryToRouteIt()
 4 SYSTEMPATH/CodeIgniter.php(354): CodeIgniter\CodeIgniter->handleRequest()
 5 SYSTEMPATH/Boot.php(334): CodeIgniter\CodeIgniter->run()
 6 SYSTEMPATH/Boot.php(67): CodeIgniter\Boot::runCodeIgniter()
 7 FCPATH/index.php(56): CodeIgniter\Boot::bootWeb()
CRITICAL - 2025-06-04 10:22:26 --> CodeIgniter\HTTP\Exceptions\BadRequestException: The URI you submitted has disallowed characters: "windows\system32\config\SAM"
[Method: GET, Route: windows%5Csystem32%5Cconfig%5CSAM]
in SYSTEMPATH/Router/Router.php on line 739.
 1 SYSTEMPATH/Router/Router.php(207): CodeIgniter\Router\Router->checkDisallowedChars()
 2 SYSTEMPATH/CodeIgniter.php(832): CodeIgniter\Router\Router->handle()
 3 SYSTEMPATH/CodeIgniter.php(455): CodeIgniter\CodeIgniter->tryToRouteIt()
 4 SYSTEMPATH/CodeIgniter.php(354): CodeIgniter\CodeIgniter->handleRequest()
 5 SYSTEMPATH/Boot.php(334): CodeIgniter\CodeIgniter->run()
 6 SYSTEMPATH/Boot.php(67): CodeIgniter\Boot::runCodeIgniter()
 7 FCPATH/index.php(56): CodeIgniter\Boot::bootWeb()
CRITICAL - 2025-06-04 10:22:27 --> CodeIgniter\HTTP\Exceptions\BadRequestException: The URI you submitted has disallowed characters: "windows\system32\config\SAM"
[Method: GET, Route: windows%5Csystem32%5Cconfig%5CSAM]
in SYSTEMPATH/Router/Router.php on line 739.
 1 SYSTEMPATH/Router/Router.php(207): CodeIgniter\Router\Router->checkDisallowedChars()
 2 SYSTEMPATH/CodeIgniter.php(832): CodeIgniter\Router\Router->handle()
 3 SYSTEMPATH/CodeIgniter.php(455): CodeIgniter\CodeIgniter->tryToRouteIt()
 4 SYSTEMPATH/CodeIgniter.php(354): CodeIgniter\CodeIgniter->handleRequest()
 5 SYSTEMPATH/Boot.php(334): CodeIgniter\CodeIgniter->run()
 6 SYSTEMPATH/Boot.php(67): CodeIgniter\Boot::runCodeIgniter()
 7 FCPATH/index.php(56): CodeIgniter\Boot::bootWeb()
CRITICAL - 2025-06-04 10:22:28 --> CodeIgniter\HTTP\Exceptions\BadRequestException: The URI you submitted has disallowed characters: "windows\system32\config\SAM"
[Method: GET, Route: ..%2f..%2f..%2f..%2f..%2f..%2fwindows%5Csystem32%5Cconfig%5CSAM]
in SYSTEMPATH/Router/Router.php on line 739.
 1 SYSTEMPATH/Router/Router.php(207): CodeIgniter\Router\Router->checkDisallowedChars()
 2 SYSTEMPATH/CodeIgniter.php(832): CodeIgniter\Router\Router->handle()
 3 SYSTEMPATH/CodeIgniter.php(455): CodeIgniter\CodeIgniter->tryToRouteIt()
 4 SYSTEMPATH/CodeIgniter.php(354): CodeIgniter\CodeIgniter->handleRequest()
 5 SYSTEMPATH/Boot.php(334): CodeIgniter\CodeIgniter->run()
 6 SYSTEMPATH/Boot.php(67): CodeIgniter\Boot::runCodeIgniter()
 7 FCPATH/index.php(56): CodeIgniter\Boot::bootWeb()
CRITICAL - 2025-06-04 10:22:28 --> CodeIgniter\HTTP\Exceptions\BadRequestException: The URI you submitted has disallowed characters: "..À¯..À¯..À¯..À¯..À¯..À¯windows\system32\config\SAM"
[Method: GET, Route: ..%C0%AF..%C0%AF..%C0%AF..%C0%AF..%C0%AF..%C0%AFwindows%5Csystem32%5Cconfig%5CSAM]
in SYSTEMPATH/Router/Router.php on line 739.
 1 SYSTEMPATH/Router/Router.php(207): CodeIgniter\Router\Router->checkDisallowedChars()
 2 SYSTEMPATH/CodeIgniter.php(832): CodeIgniter\Router\Router->handle()
 3 SYSTEMPATH/CodeIgniter.php(455): CodeIgniter\CodeIgniter->tryToRouteIt()
 4 SYSTEMPATH/CodeIgniter.php(354): CodeIgniter\CodeIgniter->handleRequest()
 5 SYSTEMPATH/Boot.php(334): CodeIgniter\CodeIgniter->run()
 6 SYSTEMPATH/Boot.php(67): CodeIgniter\Boot::runCodeIgniter()
 7 FCPATH/index.php(56): CodeIgniter\Boot::bootWeb()
CRITICAL - 2025-06-04 10:22:28 --> ErrorException: Uncaught CodeIgniter\Format\Exceptions\FormatException: Failed to parse JSON string. Error: Malformed UTF-8 characters, possibly incorrectly encoded in /home/u303612745/domains/karyapilarnusantara.com/kpn/vendor/codeigniter4/framework/system/Format/JSONFormatter.php:45
Stack trace:
#0 /home/u303612745/domains/karyapilarnusantara.com/kpn/vendor/codeigniter4/framework/system/Format/JSONFormatter.php(45): CodeIgniter\Format\Exceptions\FormatException::forInvalidJSON()
#1 /home/u303612745/domains/karyapilarnusantara.com/kpn/vendor/codeigniter4/framework/system/API/ResponseTrait.php(345): CodeIgniter\Format\JSONFormatter->format()
#2 /home/u303612745/domains/karyapilarnusantara.com/kpn/vendor/codeigniter4/framework/system/API/ResponseTrait.php(103): CodeIgniter\Debug\ExceptionHandler->format()
#3 /home/u303612745/domains/karyapilarnusantara.com/kpn/vendor/codeigniter4/framework/system/Debug/ExceptionHandler.php(85): CodeIgniter\Debug\ExceptionHandler->respond()
#4 /home/u303612745/domains/karyapilarnusantara.com/kpn/vendor/codeigniter4/framework/system/Debug/Exceptions.php(162): CodeIgniter\Debug\ExceptionHandler->handle()
#5 [internal function]: CodeIgniter\Debug\Exceptions->exceptionHandler()
#6 {main}
  thrown
ã€Previous Exceptionã€‘
CodeIgniter\HTTP\Exceptions\BadRequestException
The URI you submitted has disallowed characters: "..À¯..À¯..À¯..À¯..À¯..À¯windows\system32\config\SAM"
#0 /home/u303612745/domains/karyapilarnusantara.com/kpn/vendor/codeigniter4/framework/system/Router/Router.php(207): CodeIgniter\Router\Router->checkDisallowedChars()
#1 /home/u303612745/domains/karyapilarnusantara.com/kpn/vendor/codeigniter4/framework/system/CodeIgniter.php(832): CodeIgniter\Router\Router->handle()
#2 /home/u303612745/domains/karyapilarnusantara.com/kpn/vendor/codeigniter4/framework/system/CodeIgniter.php(455): CodeIgniter\CodeIgniter->tryToRouteIt()
#3 /home/u303612745/domains/karyapilarnusantara.com/kpn/vendor/codeigniter4/framework/system/CodeIgniter.php(354): CodeIgniter\CodeIgniter->handleRequest()
#4 /home/u303612745/domains/karyapilarnusantara.com/kpn/vendor/codeigniter4/framework/system/Boot.php(334): CodeIgniter\CodeIgniter->run()
#5 /home/u303612745/domains/karyapilarnusantara.com/kpn/vendor/codeigniter4/framework/system/Boot.php(67): CodeIgniter\Boot::runCodeIgniter()
#6 /home/u303612745/domains/karyapilarnusantara.com/public_html/index.php(56): CodeIgniter\Boot::bootWeb()
#7 {main}
[Method: GET, Route: ..%C0%AF..%C0%AF..%C0%AF..%C0%AF..%C0%AF..%C0%AFwindows%5Csystem32%5Cconfig%5CSAM]
in SYSTEMPATH/Format/JSONFormatter.php on line 45.
 1 [internal function]: CodeIgniter\Debug\Exceptions->shutdownHandler()
CRITICAL - 2025-06-04 10:22:29 --> CodeIgniter\HTTP\Exceptions\BadRequestException: The URI you submitted has disallowed characters: "..à€¯..à€¯..à€¯..à€¯..à€¯..à€¯windows\system32\config\SAM"
[Method: GET, Route: ..%E0%80%AF..%E0%80%AF..%E0%80%AF..%E0%80%AF..%E0%80%AF..%E0%80%AFwindows%5Csystem32%5Cconfig%5CSAM]
in SYSTEMPATH/Router/Router.php on line 739.
 1 SYSTEMPATH/Router/Router.php(207): CodeIgniter\Router\Router->checkDisallowedChars()
 2 SYSTEMPATH/CodeIgniter.php(832): CodeIgniter\Router\Router->handle()
 3 SYSTEMPATH/CodeIgniter.php(455): CodeIgniter\CodeIgniter->tryToRouteIt()
 4 SYSTEMPATH/CodeIgniter.php(354): CodeIgniter\CodeIgniter->handleRequest()
 5 SYSTEMPATH/Boot.php(334): CodeIgniter\CodeIgniter->run()
 6 SYSTEMPATH/Boot.php(67): CodeIgniter\Boot::runCodeIgniter()
 7 FCPATH/index.php(56): CodeIgniter\Boot::bootWeb()
CRITICAL - 2025-06-04 10:22:29 --> ErrorException: Uncaught CodeIgniter\Format\Exceptions\FormatException: Failed to parse JSON string. Error: Malformed UTF-8 characters, possibly incorrectly encoded in /home/u303612745/domains/karyapilarnusantara.com/kpn/vendor/codeigniter4/framework/system/Format/JSONFormatter.php:45
Stack trace:
#0 /home/u303612745/domains/karyapilarnusantara.com/kpn/vendor/codeigniter4/framework/system/Format/JSONFormatter.php(45): CodeIgniter\Format\Exceptions\FormatException::forInvalidJSON()
#1 /home/u303612745/domains/karyapilarnusantara.com/kpn/vendor/codeigniter4/framework/system/API/ResponseTrait.php(345): CodeIgniter\Format\JSONFormatter->format()
#2 /home/u303612745/domains/karyapilarnusantara.com/kpn/vendor/codeigniter4/framework/system/API/ResponseTrait.php(103): CodeIgniter\Debug\ExceptionHandler->format()
#3 /home/u303612745/domains/karyapilarnusantara.com/kpn/vendor/codeigniter4/framework/system/Debug/ExceptionHandler.php(85): CodeIgniter\Debug\ExceptionHandler->respond()
#4 /home/u303612745/domains/karyapilarnusantara.com/kpn/vendor/codeigniter4/framework/system/Debug/Exceptions.php(162): CodeIgniter\Debug\ExceptionHandler->handle()
#5 [internal function]: CodeIgniter\Debug\Exceptions->exceptionHandler()
#6 {main}
  thrown
ã€Previous Exceptionã€‘
CodeIgniter\HTTP\Exceptions\BadRequestException
The URI you submitted has disallowed characters: "..à€¯..à€¯..à€¯..à€¯..à€¯..à€¯windows\system32\config\SAM"
#0 /home/u303612745/domains/karyapilarnusantara.com/kpn/vendor/codeigniter4/framework/system/Router/Router.php(207): CodeIgniter\Router\Router->checkDisallowedChars()
#1 /home/u303612745/domains/karyapilarnusantara.com/kpn/vendor/codeigniter4/framework/system/CodeIgniter.php(832): CodeIgniter\Router\Router->handle()
#2 /home/u303612745/domains/karyapilarnusantara.com/kpn/vendor/codeigniter4/framework/system/CodeIgniter.php(455): CodeIgniter\CodeIgniter->tryToRouteIt()
#3 /home/u303612745/domains/karyapilarnusantara.com/kpn/vendor/codeigniter4/framework/system/CodeIgniter.php(354): CodeIgniter\CodeIgniter->handleRequest()
#4 /home/u303612745/domains/karyapilarnusantara.com/kpn/vendor/codeigniter4/framework/system/Boot.php(334): CodeIgniter\CodeIgniter->run()
#5 /home/u303612745/domains/karyapilarnusantara.com/kpn/vendor/codeigniter4/framework/system/Boot.php(67): CodeIgniter\Boot::runCodeIgniter()
#6 /home/u303612745/domains/karyapilarnusantara.com/public_html/index.php(56): CodeIgniter\Boot::bootWeb()
#7 {main}
[Method: GET, Route: ..%E0%80%AF..%E0%80%AF..%E0%80%AF..%E0%80%AF..%E0%80%AF..%E0%80%AFwindows%5Csystem32%5Cconfig%5CSAM]
in SYSTEMPATH/Format/JSONFormatter.php on line 45.
 1 [internal function]: CodeIgniter\Debug\Exceptions->shutdownHandler()
CRITICAL - 2025-06-04 10:22:29 --> CodeIgniter\HTTP\Exceptions\BadRequestException: The URI you submitted has disallowed characters: "..\..\..\..\..\..\windows\system32\config\SAM"
[Method: GET, Route: ..%5C..%5C..%5C..%5C..%5C..%5Cwindows%5Csystem32%5Cconfig%5CSAM]
in SYSTEMPATH/Router/Router.php on line 739.
 1 SYSTEMPATH/Router/Router.php(207): CodeIgniter\Router\Router->checkDisallowedChars()
 2 SYSTEMPATH/CodeIgniter.php(832): CodeIgniter\Router\Router->handle()
 3 SYSTEMPATH/CodeIgniter.php(455): CodeIgniter\CodeIgniter->tryToRouteIt()
 4 SYSTEMPATH/CodeIgniter.php(354): CodeIgniter\CodeIgniter->handleRequest()
 5 SYSTEMPATH/Boot.php(334): CodeIgniter\CodeIgniter->run()
 6 SYSTEMPATH/Boot.php(67): CodeIgniter\Boot::runCodeIgniter()
 7 FCPATH/index.php(56): CodeIgniter\Boot::bootWeb()
CRITICAL - 2025-06-04 10:22:30 --> CodeIgniter\HTTP\Exceptions\BadRequestException: The URI you submitted has disallowed characters: "..\..\..\..\..\..\windows\system32\config\SAM"
[Method: GET, Route: ..%5C..%5C..%5C..%5C..%5C..%5Cwindows%5Csystem32%5Cconfig%5CSAM]
in SYSTEMPATH/Router/Router.php on line 739.
 1 SYSTEMPATH/Router/Router.php(207): CodeIgniter\Router\Router->checkDisallowedChars()
 2 SYSTEMPATH/CodeIgniter.php(832): CodeIgniter\Router\Router->handle()
 3 SYSTEMPATH/CodeIgniter.php(455): CodeIgniter\CodeIgniter->tryToRouteIt()
 4 SYSTEMPATH/CodeIgniter.php(354): CodeIgniter\CodeIgniter->handleRequest()
 5 SYSTEMPATH/Boot.php(334): CodeIgniter\CodeIgniter->run()
 6 SYSTEMPATH/Boot.php(67): CodeIgniter\Boot::runCodeIgniter()
 7 FCPATH/index.php(56): CodeIgniter\Boot::bootWeb()
CRITICAL - 2025-06-04 10:22:30 --> CodeIgniter\HTTP\Exceptions\BadRequestException: The URI you submitted has disallowed characters: "..\..\..\..\..\..\windows\system32\config\SAM"
[Method: GET, Route: ..%5c..%5c..%5c..%5c..%5c..%5cwindows%5Csystem32%5Cconfig%5CSAM]
in SYSTEMPATH/Router/Router.php on line 739.
 1 SYSTEMPATH/Router/Router.php(207): CodeIgniter\Router\Router->checkDisallowedChars()
 2 SYSTEMPATH/CodeIgniter.php(832): CodeIgniter\Router\Router->handle()
 3 SYSTEMPATH/CodeIgniter.php(455): CodeIgniter\CodeIgniter->tryToRouteIt()
 4 SYSTEMPATH/CodeIgniter.php(354): CodeIgniter\CodeIgniter->handleRequest()
 5 SYSTEMPATH/Boot.php(334): CodeIgniter\CodeIgniter->run()
 6 SYSTEMPATH/Boot.php(67): CodeIgniter\Boot::runCodeIgniter()
 7 FCPATH/index.php(56): CodeIgniter\Boot::bootWeb()
DEBUG - 2025-06-04 11:31:44 --> Session: Class initialized using 'CodeIgniter\Session\Handlers\FileHandler' driver.
DEBUG - 2025-06-04 12:37:38 --> Session: Class initialized using 'CodeIgniter\Session\Handlers\FileHandler' driver.
DEBUG - 2025-06-04 13:26:16 --> Session: Class initialized using 'CodeIgniter\Session\Handlers\FileHandler' driver.
DEBUG - 2025-06-04 14:06:05 --> Session: Class initialized using 'CodeIgniter\Session\Handlers\FileHandler' driver.
DEBUG - 2025-06-04 14:08:50 --> Session: Class initialized using 'CodeIgniter\Session\Handlers\FileHandler' driver.
DEBUG - 2025-06-04 15:14:15 --> Session: Class initialized using 'CodeIgniter\Session\Handlers\FileHandler' driver.
DEBUG - 2025-06-04 15:25:18 --> Session: Class initialized using 'CodeIgniter\Session\Handlers\FileHandler' driver.
DEBUG - 2025-06-04 16:32:39 --> Session: Class initialized using 'CodeIgniter\Session\Handlers\FileHandler' driver.
DEBUG - 2025-06-04 16:33:00 --> Session: Class initialized using 'CodeIgniter\Session\Handlers\FileHandler' driver.
DEBUG - 2025-06-04 16:33:05 --> Session: Class initialized using 'CodeIgniter\Session\Handlers\FileHandler' driver.
DEBUG - 2025-06-04 16:40:09 --> Session: Class initialized using 'CodeIgniter\Session\Handlers\FileHandler' driver.
DEBUG - 2025-06-04 17:27:16 --> Session: Class initialized using 'CodeIgniter\Session\Handlers\FileHandler' driver.
DEBUG - 2025-06-04 17:27:22 --> Session: Class initialized using 'CodeIgniter\Session\Handlers\FileHandler' driver.
DEBUG - 2025-06-04 18:21:07 --> Session: Class initialized using 'CodeIgniter\Session\Handlers\FileHandler' driver.
DEBUG - 2025-06-04 19:41:09 --> Session: Class initialized using 'CodeIgniter\Session\Handlers\FileHandler' driver.
DEBUG - 2025-06-04 20:28:27 --> Session: Class initialized using 'CodeIgniter\Session\Handlers\FileHandler' driver.
DEBUG - 2025-06-04 21:11:31 --> Session: Class initialized using 'CodeIgniter\Session\Handlers\FileHandler' driver.
DEBUG - 2025-06-04 22:04:21 --> Session: Class initialized using 'CodeIgniter\Session\Handlers\FileHandler' driver.
DEBUG - 2025-06-04 22:28:46 --> Session: Class initialized using 'CodeIgniter\Session\Handlers\FileHandler' driver.
DEBUG - 2025-06-04 22:38:41 --> Session: Class initialized using 'CodeIgniter\Session\Handlers\FileHandler' driver.
DEBUG - 2025-06-04 22:58:58 --> Session: Class initialized using 'CodeIgniter\Session\Handlers\FileHandler' driver.
DEBUG - 2025-06-04 22:59:09 --> Session: Class initialized using 'CodeIgniter\Session\Handlers\FileHandler' driver.
DEBUG - 2025-06-04 23:04:03 --> Session: Class initialized using 'CodeIgniter\Session\Handlers\FileHandler' driver.
DEBUG - 2025-06-04 23:04:05 --> Session: Class initialized using 'CodeIgniter\Session\Handlers\FileHandler' driver.
DEBUG - 2025-06-04 23:04:06 --> Session: Class initialized using 'CodeIgniter\Session\Handlers\FileHandler' driver.
DEBUG - 2025-06-04 23:05:07 --> Session: Class initialized using 'CodeIgniter\Session\Handlers\FileHandler' driver.
CRITICAL - 2025-06-04 23:22:16 --> CodeIgniter\HTTP\Exceptions\BadRequestException: The URI you submitted has disallowed characters: "<ahref=""
[Method: GET, Route: wp-includes/IXR/%3Cahref=%22/wp-includes/IXR/class-IXR-base64.php%22%3E%3Cimgclass=%22icon%22src=%22/_autoindex/assets/icons/file-text.svg%22alt=%22%5BTXT%5D%22%3Eclass-IXR-base64.php]
in SYSTEMPATH/Router/Router.php on line 739.
 1 SYSTEMPATH/Router/Router.php(207): CodeIgniter\Router\Router->checkDisallowedChars()
 2 SYSTEMPATH/CodeIgniter.php(832): CodeIgniter\Router\Router->handle()
 3 SYSTEMPATH/CodeIgniter.php(455): CodeIgniter\CodeIgniter->tryToRouteIt()
 4 SYSTEMPATH/CodeIgniter.php(354): CodeIgniter\CodeIgniter->handleRequest()
 5 SYSTEMPATH/Boot.php(334): CodeIgniter\CodeIgniter->run()
 6 SYSTEMPATH/Boot.php(67): CodeIgniter\Boot::runCodeIgniter()
 7 FCPATH/index.php(56): CodeIgniter\Boot::bootWeb()
CRITICAL - 2025-06-04 23:22:18 --> CodeIgniter\HTTP\Exceptions\BadRequestException: The URI you submitted has disallowed characters: "<ahref=""
[Method: GET, Route: wp-includes/IXR/%3Cahref=%22/wp-includes/IXR/class-IXR-base64.php%22%3E%3Cimgclass=%22icon%22src=%22/_autoindex/assets/icons/file-text.svg%22alt=%22%5BTXT%5D%22%3Eclass-IXR-base64.php]
in SYSTEMPATH/Router/Router.php on line 739.
 1 SYSTEMPATH/Router/Router.php(207): CodeIgniter\Router\Router->checkDisallowedChars()
 2 SYSTEMPATH/CodeIgniter.php(832): CodeIgniter\Router\Router->handle()
 3 SYSTEMPATH/CodeIgniter.php(455): CodeIgniter\CodeIgniter->tryToRouteIt()
 4 SYSTEMPATH/CodeIgniter.php(354): CodeIgniter\CodeIgniter->handleRequest()
 5 SYSTEMPATH/Boot.php(334): CodeIgniter\CodeIgniter->run()
 6 SYSTEMPATH/Boot.php(67): CodeIgniter\Boot::runCodeIgniter()
 7 FCPATH/index.php(56): CodeIgniter\Boot::bootWeb()
